공고,회사명,지역,링크
카사벨라 레스토랑 평일 마감알바 구합니다,카사벨라레스토랑,장유신도시,https://www.jangyu.net/board/bbs/board.php?bo_table=inc_guin&wr_id=814670&sca=&sfl=wr_subject&stx=%EB%A0%88%EC%8A%A4%ED%86%A0%EB%9E%91&sop=and&page=0&campus_kind=
패밀리레스토랑 직원 및 아르바이트 모집,원투원,장유신도시,https://www.jangyu.net/board/bbs/board.php?bo_table=inc_guin&wr_id=814545&sca=&sfl=wr_subject&stx=%EB%A0%88%EC%8A%A4%ED%86%A0%EB%9E%91&sop=and&page=0&campus_kind=
패밀리레스토랑 직원 및 아르바이트 모집,원투원,장유신도시,https://www.jangyu.net/board/bbs/board.php?bo_table=inc_guin&wr_id=814081&sca=&sfl=wr_subject&stx=%EB%A0%88%EC%8A%A4%ED%86%A0%EB%9E%91&sop=and&page=0&campus_kind=
패밀리레스토랑 직원 및 아르바이트 모집,원투원,장유신도시,https://www.jangyu.net/board/bbs/board.php?bo_table=inc_guin&wr_id=812978&sca=&sfl=wr_subject&stx=%EB%A0%88%EC%8A%A4%ED%86%A0%EB%9E%91&sop=and&page=0&campus_kind=
패밀리레스토랑 직원 및 아르바이트 모집,원투원,장유신도시,https://www.jangyu.net/board/bbs/board.php?bo_table=inc_guin&wr_id=812722&sca=&sfl=wr_subject&stx=%EB%A0%88%EC%8A%A4%ED%86%A0%EB%9E%91&sop=and&page=0&campus_kind=
"카사벨라 레스토랑 평일 마감알바 구해요 시급 10,000",카사벨라레스토랑,장유신도시,https://www.jangyu.net/board/bbs/board.php?bo_table=inc_guin&wr_id=812521&sca=&sfl=wr_subject&stx=%EB%A0%88%EC%8A%A4%ED%86%A0%EB%9E%91&sop=and&page=0&campus_kind=
"카사벨라 레스토랑 평일,주말 알바구해요",카사벨라레스토랑,장유신도시,https://www.jangyu.net/board/bbs/board.php?bo_table=inc_guin&wr_id=811977&sca=&sfl=wr_subject&stx=%EB%A0%88%EC%8A%A4%ED%86%A0%EB%9E%91&sop=and&page=0&campus_kind=
"카사벨라 레스토랑 평일,주말 알바구해요",카사벨라레스토랑,장유신도시,https://www.jangyu.net/board/bbs/board.php?bo_table=inc_guin&wr_id=811453&sca=&sfl=wr_subject&stx=%EB%A0%88%EC%8A%A4%ED%86%A0%EB%9E%91&sop=and&page=0&campus_kind=
카사벨라 레스토랑 정직원  구합니다,카사벨라레스토랑,장유신도시,https://www.jangyu.net/board/bbs/board.php?bo_table=inc_guin&wr_id=811451&sca=&sfl=wr_subject&stx=%EB%A0%88%EC%8A%A4%ED%86%A0%EB%9E%91&sop=and&page=0&campus_kind=
패밀리 레스토랑 원투원 주방직원 및 아르바이트 모,원투원,장유신도시,https://www.jangyu.net/board/bbs/board.php?bo_table=inc_guin&wr_id=811317&sca=&sfl=wr_subject&stx=%EB%A0%88%EC%8A%A4%ED%86%A0%EB%9E%91&sop=and&page=0&campus_kind=
패밀리 레스토랑 원투원 주방직원 및 아르바이트 모,원투원,장유신도시,https://www.jangyu.net/board/bbs/board.php?bo_table=inc_guin&wr_id=811089&sca=&sfl=wr_subject&stx=%EB%A0%88%EC%8A%A4%ED%86%A0%EB%9E%91&sop=and&page=0&campus_kind=
패밀리 레스토랑 원투원 주방직원 및 아르바이트 모,원투원,장유신도시,https://www.jangyu.net/board/bbs/board.php?bo_table=inc_guin&wr_id=810129&sca=&sfl=wr_subject&stx=%EB%A0%88%EC%8A%A4%ED%86%A0%EB%9E%91&sop=and&page=0&campus_kind=
모산 오마카세 레스토랑 홀서빙  구인여사님환영,모산,삼문율하,https://www.jangyu.net/board/bbs/board.php?bo_table=inc_guin&wr_id=809348&sca=&sfl=wr_subject&stx=%EB%A0%88%EC%8A%A4%ED%86%A0%EB%9E%91&sop=and&page=0&campus_kind=
믹스아시아 레스토랑 서빙 여사님  아르바이트 구급,믹스아시아,삼문율하,https://www.jangyu.net/board/bbs/board.php?bo_table=inc_guin&wr_id=809345&sca=&sfl=wr_subject&stx=%EB%A0%88%EC%8A%A4%ED%86%A0%EB%9E%91&sop=and&page=0&campus_kind=
패밀리 레스토랑 원투원 주방직원 및 아르바이트 모,원투원,장유신도시,https://www.jangyu.net/board/bbs/board.php?bo_table=inc_guin&wr_id=809307&sca=&sfl=wr_subject&stx=%EB%A0%88%EC%8A%A4%ED%86%A0%EB%9E%91&sop=and&page=0&campus_kind=
믹스아시아 레스토랑 서빙 여사님  아르바이트 구급,믹스아시아,삼문율하,https://www.jangyu.net/board/bbs/board.php?bo_table=inc_guin&wr_id=809220&sca=&sfl=wr_subject&stx=%EB%A0%88%EC%8A%A4%ED%86%A0%EB%9E%91&sop=and&page=0&campus_kind=
패밀리 레스토랑 원투원 주방직원 및 아르바이트 모,원투원,장유신도시,https://www.jangyu.net/board/bbs/board.php?bo_table=inc_guin&wr_id=809079&sca=&sfl=wr_subject&stx=%EB%A0%88%EC%8A%A4%ED%86%A0%EB%9E%91&sop=and&page=0&campus_kind=
카사벨라 레스토랑 정직원  구합니다,카사벨라레스토랑,장유신도시,https://www.jangyu.net/board/bbs/board.php?bo_table=inc_guin&wr_id=808934&sca=&sfl=wr_subject&stx=%EB%A0%88%EC%8A%A4%ED%86%A0%EB%9E%91&sop=and&page=0&campus_kind=
카사벨라 레스토랑 주말 알바 구합니다,카사벨라레스토랑,장유신도시,https://www.jangyu.net/board/bbs/board.php?bo_table=inc_guin&wr_id=808932&sca=&sfl=wr_subject&stx=%EB%A0%88%EC%8A%A4%ED%86%A0%EB%9E%91&sop=and&page=0&campus_kind=
카사벨라 레스토랑 주방직원 구합니다,카사벨라레스토랑,장유신도시,https://www.jangyu.net/board/bbs/board.php?bo_table=inc_guin&wr_id=808930&sca=&sfl=wr_subject&stx=%EB%A0%88%EC%8A%A4%ED%86%A0%EB%9E%91&sop=and&page=0&campus_kind=
카사벨라 레스토랑 주방직원 구합니다,카사벨라레스토랑,장유신도시,https://www.jangyu.net/board/bbs/board.php?bo_table=inc_guin&wr_id=808735&sca=&sfl=wr_subject&stx=%EB%A0%88%EC%8A%A4%ED%86%A0%EB%9E%91&sop=and&page=0&campus_kind=
"카사벨라 레스토랑 평일,주말 알바구해요",카사벨라레스토랑,장유신도시,https://www.jangyu.net/board/bbs/board.php?bo_table=inc_guin&wr_id=808731&sca=&sfl=wr_subject&stx=%EB%A0%88%EC%8A%A4%ED%86%A0%EB%9E%91&sop=and&page=0&campus_kind=
패밀리 레스토랑 원투원 주방직원 및 아르바이트 모,원투원,장유신도시,https://www.jangyu.net/board/bbs/board.php?bo_table=inc_guin&wr_id=808375&sca=&sfl=wr_subject&stx=%EB%A0%88%EC%8A%A4%ED%86%A0%EB%9E%91&sop=and&page=0&campus_kind=
패밀리 레스토랑 원투원 주방직원 및 아르바이트 모,원투원,장유신도시,https://www.jangyu.net/board/bbs/board.php?bo_table=inc_guin&wr_id=808163&sca=&sfl=wr_subject&stx=%EB%A0%88%EC%8A%A4%ED%86%A0%EB%9E%91&sop=and&page=0&campus_kind=
"모산 오마카세 레스토랑 홀서빙 , 주방이모 급구",모산,삼문율하,https://www.jangyu.net/board/bbs/board.php?bo_table=inc_guin&wr_id=807990&sca=&sfl=wr_subject&stx=%EB%A0%88%EC%8A%A4%ED%86%A0%EB%9E%91&sop=and&page=0&campus_kind=
패밀리 레스토랑 원투원 주방직원 및 아르바이트 모,원투원,장유신도시,https://www.jangyu.net/board/bbs/board.php?bo_table=inc_guin&wr_id=807821&sca=&sfl=wr_subject&stx=%EB%A0%88%EC%8A%A4%ED%86%A0%EB%9E%91&sop=and&page=0&campus_kind=
패밀리 레스토랑 원투원 주방직원 및 아르바이트 모,원투원,장유신도시,https://www.jangyu.net/board/bbs/board.php?bo_table=inc_guin&wr_id=807628&sca=&sfl=wr_subject&stx=%EB%A0%88%EC%8A%A4%ED%86%A0%EB%9E%91&sop=and&page=0&campus_kind=
패밀리 레스토랑 원투원 주방직원 및 아르바이트 모,원투원,장유신도시,https://www.jangyu.net/board/bbs/board.php?bo_table=inc_guin&wr_id=807403&sca=&sfl=wr_subject&stx=%EB%A0%88%EC%8A%A4%ED%86%A0%EB%9E%91&sop=and&page=0&campus_kind=
"카사벨라 레스토랑 평일,주말 알바구해요 (시급 10,000",카사벨라레스토랑,장유신도시,https://www.jangyu.net/board/bbs/board.php?bo_table=inc_guin&wr_id=807249&sca=&sfl=wr_subject&stx=%EB%A0%88%EC%8A%A4%ED%86%A0%EB%9E%91&sop=and&page=0&campus_kind=
패밀리 레스토랑 원투원 주방직원 및 아르바이트 모,원투원,장유신도시,https://www.jangyu.net/board/bbs/board.php?bo_table=inc_guin&wr_id=807152&sca=&sfl=wr_subject&stx=%EB%A0%88%EC%8A%A4%ED%86%A0%EB%9E%91&sop=and&page=0&campus_kind=
카사벨라 레스토랑 평일 마감알바 구합니다,카사벨라레스토랑,장유신도시,https://www.jangyu.net/board/bbs/board.php?bo_table=inc_guin&wr_id=814670&sca=&sfl=wr_subject&stx=%EB%A0%88%EC%8A%A4%ED%86%A0%EB%9E%91&sop=and&page=1&campus_kind=
패밀리레스토랑 직원 및 아르바이트 모집,원투원,장유신도시,https://www.jangyu.net/board/bbs/board.php?bo_table=inc_guin&wr_id=814545&sca=&sfl=wr_subject&stx=%EB%A0%88%EC%8A%A4%ED%86%A0%EB%9E%91&sop=and&page=1&campus_kind=
패밀리레스토랑 직원 및 아르바이트 모집,원투원,장유신도시,https://www.jangyu.net/board/bbs/board.php?bo_table=inc_guin&wr_id=814081&sca=&sfl=wr_subject&stx=%EB%A0%88%EC%8A%A4%ED%86%A0%EB%9E%91&sop=and&page=1&campus_kind=
패밀리레스토랑 직원 및 아르바이트 모집,원투원,장유신도시,https://www.jangyu.net/board/bbs/board.php?bo_table=inc_guin&wr_id=812978&sca=&sfl=wr_subject&stx=%EB%A0%88%EC%8A%A4%ED%86%A0%EB%9E%91&sop=and&page=1&campus_kind=
패밀리레스토랑 직원 및 아르바이트 모집,원투원,장유신도시,https://www.jangyu.net/board/bbs/board.php?bo_table=inc_guin&wr_id=812722&sca=&sfl=wr_subject&stx=%EB%A0%88%EC%8A%A4%ED%86%A0%EB%9E%91&sop=and&page=1&campus_kind=
"카사벨라 레스토랑 평일 마감알바 구해요 시급 10,000",카사벨라레스토랑,장유신도시,https://www.jangyu.net/board/bbs/board.php?bo_table=inc_guin&wr_id=812521&sca=&sfl=wr_subject&stx=%EB%A0%88%EC%8A%A4%ED%86%A0%EB%9E%91&sop=and&page=1&campus_kind=
"카사벨라 레스토랑 평일,주말 알바구해요",카사벨라레스토랑,장유신도시,https://www.jangyu.net/board/bbs/board.php?bo_table=inc_guin&wr_id=811977&sca=&sfl=wr_subject&stx=%EB%A0%88%EC%8A%A4%ED%86%A0%EB%9E%91&sop=and&page=1&campus_kind=
"카사벨라 레스토랑 평일,주말 알바구해요",카사벨라레스토랑,장유신도시,https://www.jangyu.net/board/bbs/board.php?bo_table=inc_guin&wr_id=811453&sca=&sfl=wr_subject&stx=%EB%A0%88%EC%8A%A4%ED%86%A0%EB%9E%91&sop=and&page=1&campus_kind=
카사벨라 레스토랑 정직원  구합니다,카사벨라레스토랑,장유신도시,https://www.jangyu.net/board/bbs/board.php?bo_table=inc_guin&wr_id=811451&sca=&sfl=wr_subject&stx=%EB%A0%88%EC%8A%A4%ED%86%A0%EB%9E%91&sop=and&page=1&campus_kind=
패밀리 레스토랑 원투원 주방직원 및 아르바이트 모,원투원,장유신도시,https://www.jangyu.net/board/bbs/board.php?bo_table=inc_guin&wr_id=811317&sca=&sfl=wr_subject&stx=%EB%A0%88%EC%8A%A4%ED%86%A0%EB%9E%91&sop=and&page=1&campus_kind=
패밀리 레스토랑 원투원 주방직원 및 아르바이트 모,원투원,장유신도시,https://www.jangyu.net/board/bbs/board.php?bo_table=inc_guin&wr_id=811089&sca=&sfl=wr_subject&stx=%EB%A0%88%EC%8A%A4%ED%86%A0%EB%9E%91&sop=and&page=1&campus_kind=
패밀리 레스토랑 원투원 주방직원 및 아르바이트 모,원투원,장유신도시,https://www.jangyu.net/board/bbs/board.php?bo_table=inc_guin&wr_id=810129&sca=&sfl=wr_subject&stx=%EB%A0%88%EC%8A%A4%ED%86%A0%EB%9E%91&sop=and&page=1&campus_kind=
모산 오마카세 레스토랑 홀서빙  구인여사님환영,모산,삼문율하,https://www.jangyu.net/board/bbs/board.php?bo_table=inc_guin&wr_id=809348&sca=&sfl=wr_subject&stx=%EB%A0%88%EC%8A%A4%ED%86%A0%EB%9E%91&sop=and&page=1&campus_kind=
믹스아시아 레스토랑 서빙 여사님  아르바이트 구급,믹스아시아,삼문율하,https://www.jangyu.net/board/bbs/board.php?bo_table=inc_guin&wr_id=809345&sca=&sfl=wr_subject&stx=%EB%A0%88%EC%8A%A4%ED%86%A0%EB%9E%91&sop=and&page=1&campus_kind=
패밀리 레스토랑 원투원 주방직원 및 아르바이트 모,원투원,장유신도시,https://www.jangyu.net/board/bbs/board.php?bo_table=inc_guin&wr_id=809307&sca=&sfl=wr_subject&stx=%EB%A0%88%EC%8A%A4%ED%86%A0%EB%9E%91&sop=and&page=1&campus_kind=
믹스아시아 레스토랑 서빙 여사님  아르바이트 구급,믹스아시아,삼문율하,https://www.jangyu.net/board/bbs/board.php?bo_table=inc_guin&wr_id=809220&sca=&sfl=wr_subject&stx=%EB%A0%88%EC%8A%A4%ED%86%A0%EB%9E%91&sop=and&page=1&campus_kind=
패밀리 레스토랑 원투원 주방직원 및 아르바이트 모,원투원,장유신도시,https://www.jangyu.net/board/bbs/board.php?bo_table=inc_guin&wr_id=809079&sca=&sfl=wr_subject&stx=%EB%A0%88%EC%8A%A4%ED%86%A0%EB%9E%91&sop=and&page=1&campus_kind=
카사벨라 레스토랑 정직원  구합니다,카사벨라레스토랑,장유신도시,https://www.jangyu.net/board/bbs/board.php?bo_table=inc_guin&wr_id=808934&sca=&sfl=wr_subject&stx=%EB%A0%88%EC%8A%A4%ED%86%A0%EB%9E%91&sop=and&page=1&campus_kind=
카사벨라 레스토랑 주말 알바 구합니다,카사벨라레스토랑,장유신도시,https://www.jangyu.net/board/bbs/board.php?bo_table=inc_guin&wr_id=808932&sca=&sfl=wr_subject&stx=%EB%A0%88%EC%8A%A4%ED%86%A0%EB%9E%91&sop=and&page=1&campus_kind=
카사벨라 레스토랑 주방직원 구합니다,카사벨라레스토랑,장유신도시,https://www.jangyu.net/board/bbs/board.php?bo_table=inc_guin&wr_id=808930&sca=&sfl=wr_subject&stx=%EB%A0%88%EC%8A%A4%ED%86%A0%EB%9E%91&sop=and&page=1&campus_kind=
카사벨라 레스토랑 주방직원 구합니다,카사벨라레스토랑,장유신도시,https://www.jangyu.net/board/bbs/board.php?bo_table=inc_guin&wr_id=808735&sca=&sfl=wr_subject&stx=%EB%A0%88%EC%8A%A4%ED%86%A0%EB%9E%91&sop=and&page=1&campus_kind=
"카사벨라 레스토랑 평일,주말 알바구해요",카사벨라레스토랑,장유신도시,https://www.jangyu.net/board/bbs/board.php?bo_table=inc_guin&wr_id=808731&sca=&sfl=wr_subject&stx=%EB%A0%88%EC%8A%A4%ED%86%A0%EB%9E%91&sop=and&page=1&campus_kind=
패밀리 레스토랑 원투원 주방직원 및 아르바이트 모,원투원,장유신도시,https://www.jangyu.net/board/bbs/board.php?bo_table=inc_guin&wr_id=808375&sca=&sfl=wr_subject&stx=%EB%A0%88%EC%8A%A4%ED%86%A0%EB%9E%91&sop=and&page=1&campus_kind=
패밀리 레스토랑 원투원 주방직원 및 아르바이트 모,원투원,장유신도시,https://www.jangyu.net/board/bbs/board.php?bo_table=inc_guin&wr_id=808163&sca=&sfl=wr_subject&stx=%EB%A0%88%EC%8A%A4%ED%86%A0%EB%9E%91&sop=and&page=1&campus_kind=
"모산 오마카세 레스토랑 홀서빙 , 주방이모 급구",모산,삼문율하,https://www.jangyu.net/board/bbs/board.php?bo_table=inc_guin&wr_id=807990&sca=&sfl=wr_subject&stx=%EB%A0%88%EC%8A%A4%ED%86%A0%EB%9E%91&sop=and&page=1&campus_kind=
패밀리 레스토랑 원투원 주방직원 및 아르바이트 모,원투원,장유신도시,https://www.jangyu.net/board/bbs/board.php?bo_table=inc_guin&wr_id=807821&sca=&sfl=wr_subject&stx=%EB%A0%88%EC%8A%A4%ED%86%A0%EB%9E%91&sop=and&page=1&campus_kind=
패밀리 레스토랑 원투원 주방직원 및 아르바이트 모,원투원,장유신도시,https://www.jangyu.net/board/bbs/board.php?bo_table=inc_guin&wr_id=807628&sca=&sfl=wr_subject&stx=%EB%A0%88%EC%8A%A4%ED%86%A0%EB%9E%91&sop=and&page=1&campus_kind=
패밀리 레스토랑 원투원 주방직원 및 아르바이트 모,원투원,장유신도시,https://www.jangyu.net/board/bbs/board.php?bo_table=inc_guin&wr_id=807403&sca=&sfl=wr_subject&stx=%EB%A0%88%EC%8A%A4%ED%86%A0%EB%9E%91&sop=and&page=1&campus_kind=
"카사벨라 레스토랑 평일,주말 알바구해요 (시급 10,000",카사벨라레스토랑,장유신도시,https://www.jangyu.net/board/bbs/board.php?bo_table=inc_guin&wr_id=807249&sca=&sfl=wr_subject&stx=%EB%A0%88%EC%8A%A4%ED%86%A0%EB%9E%91&sop=and&page=1&campus_kind=
패밀리 레스토랑 원투원 주방직원 및 아르바이트 모,원투원,장유신도시,https://www.jangyu.net/board/bbs/board.php?bo_table=inc_guin&wr_id=807152&sca=&sfl=wr_subject&stx=%EB%A0%88%EC%8A%A4%ED%86%A0%EB%9E%91&sop=and&page=1&campus_kind=
패밀리 레스토랑 원투원 주방직원 및 아르바이트 모,원투원,장유신도시,https://www.jangyu.net/board/bbs/board.php?bo_table=inc_guin&wr_id=806929&sca=&sfl=wr_subject&stx=%EB%A0%88%EC%8A%A4%ED%86%A0%EB%9E%91&sop=and&page=2&campus_kind=
패밀리 레스토랑 원투원 주방직원 및 아르바이트 모,원투원,장유신도시,https://www.jangyu.net/board/bbs/board.php?bo_table=inc_guin&wr_id=806699&sca=&sfl=wr_subject&stx=%EB%A0%88%EC%8A%A4%ED%86%A0%EB%9E%91&sop=and&page=2&campus_kind=
하이든 파크 레스토랑 청소 이모 아르바이트 구급,하이든파크,삼문율하,https://www.jangyu.net/board/bbs/board.php?bo_table=inc_guin&wr_id=806580&sca=&sfl=wr_subject&stx=%EB%A0%88%EC%8A%A4%ED%86%A0%EB%9E%91&sop=and&page=2&campus_kind=
패밀리 레스토랑 원투원 주방직원 및 아르바이트 모,원투원,장유신도시,https://www.jangyu.net/board/bbs/board.php?bo_table=inc_guin&wr_id=806434&sca=&sfl=wr_subject&stx=%EB%A0%88%EC%8A%A4%ED%86%A0%EB%9E%91&sop=and&page=2&campus_kind=
하이든 파크 레스토랑 청소 이모 아르바이트 구급,하이든파크,삼문율하,https://www.jangyu.net/board/bbs/board.php?bo_table=inc_guin&wr_id=806425&sca=&sfl=wr_subject&stx=%EB%A0%88%EC%8A%A4%ED%86%A0%EB%9E%91&sop=and&page=2&campus_kind=
이태리 레스토랑 청소 이모 급구,하이든파크,삼문율하,https://www.jangyu.net/board/bbs/board.php?bo_table=inc_guin&wr_id=806327&sca=&sfl=wr_subject&stx=%EB%A0%88%EC%8A%A4%ED%86%A0%EB%9E%91&sop=and&page=2&campus_kind=
하이든 파크 레스토랑  청소 주말  아르바이트 구급,하이든파크,신문장유,https://www.jangyu.net/board/bbs/board.php?bo_table=inc_guin&wr_id=806043&sca=&sfl=wr_subject&stx=%EB%A0%88%EC%8A%A4%ED%86%A0%EB%9E%91&sop=and&page=2&campus_kind=
패밀리 레스토랑 원투원 주방직원 및 아르바이트 모,원투원,장유신도시,https://www.jangyu.net/board/bbs/board.php?bo_table=inc_guin&wr_id=805863&sca=&sfl=wr_subject&stx=%EB%A0%88%EC%8A%A4%ED%86%A0%EB%9E%91&sop=and&page=2&campus_kind=
패밀리 레스토랑 원투원 주방직원 및 아르바이트 모,원투원,장유신도시,https://www.jangyu.net/board/bbs/board.php?bo_table=inc_guin&wr_id=805579&sca=&sfl=wr_subject&stx=%EB%A0%88%EC%8A%A4%ED%86%A0%EB%9E%91&sop=and&page=2&campus_kind=
"카사벨라 레스토랑 평일,주말 알바구해요 시급 9700원",카사벨라레스토랑,장유신도시,https://www.jangyu.net/board/bbs/board.php?bo_table=inc_guin&wr_id=804929&sca=&sfl=wr_subject&stx=%EB%A0%88%EC%8A%A4%ED%86%A0%EB%9E%91&sop=and&page=2&campus_kind=
패밀리 레스토랑 원투원 주방직원 및 아르바이트 모,원투원,장유신도시,https://www.jangyu.net/board/bbs/board.php?bo_table=inc_guin&wr_id=804638&sca=&sfl=wr_subject&stx=%EB%A0%88%EC%8A%A4%ED%86%A0%EB%9E%91&sop=and&page=2&campus_kind=
패밀리 레스토랑 원투원 주방직원 및 아르바이트 모,원투원,장유신도시,https://www.jangyu.net/board/bbs/board.php?bo_table=inc_guin&wr_id=804388&sca=&sfl=wr_subject&stx=%EB%A0%88%EC%8A%A4%ED%86%A0%EB%9E%91&sop=and&page=2&campus_kind=
"카사벨라 레스토랑 평일,주말 알바구해요 시급 9700원",카사벨라레스토랑,장유신도시,https://www.jangyu.net/board/bbs/board.php?bo_table=inc_guin&wr_id=804195&sca=&sfl=wr_subject&stx=%EB%A0%88%EC%8A%A4%ED%86%A0%EB%9E%91&sop=and&page=2&campus_kind=
패밀리 레스토랑 원투원 주방직원 및 아르바이트 모,원투원,장유신도시,https://www.jangyu.net/board/bbs/board.php?bo_table=inc_guin&wr_id=804162&sca=&sfl=wr_subject&stx=%EB%A0%88%EC%8A%A4%ED%86%A0%EB%9E%91&sop=and&page=2&campus_kind=
레스토랑 세인즈가든에서 홀 직원을 모집합니다.,세인즈가든,장유신도시,https://www.jangyu.net/board/bbs/board.php?bo_table=inc_guin&wr_id=803998&sca=&sfl=wr_subject&stx=%EB%A0%88%EC%8A%A4%ED%86%A0%EB%9E%91&sop=and&page=2&campus_kind=
레스토랑 세인즈가든에서 주방 직원을 모집합니다.,세인즈가든,장유신도시,https://www.jangyu.net/board/bbs/board.php?bo_table=inc_guin&wr_id=803994&sca=&sfl=wr_subject&stx=%EB%A0%88%EC%8A%A4%ED%86%A0%EB%9E%91&sop=and&page=2&campus_kind=
레스토랑 세인즈가든에서 설거지 이모님을 모집합니,세인즈가든,장유신도시,https://www.jangyu.net/board/bbs/board.php?bo_table=inc_guin&wr_id=803863&sca=&sfl=wr_subject&stx=%EB%A0%88%EC%8A%A4%ED%86%A0%EB%9E%91&sop=and&page=2&campus_kind=
패밀리 레스토랑 원투원 주방직원 및 아르바이트 모,원투원,장유신도시,https://www.jangyu.net/board/bbs/board.php?bo_table=inc_guin&wr_id=803828&sca=&sfl=wr_subject&stx=%EB%A0%88%EC%8A%A4%ED%86%A0%EB%9E%91&sop=and&page=2&campus_kind=
"카사벨라 레스토랑 평일,주말 알바구해요",카사벨라레스토랑,장유신도시,https://www.jangyu.net/board/bbs/board.php?bo_table=inc_guin&wr_id=803622&sca=&sfl=wr_subject&stx=%EB%A0%88%EC%8A%A4%ED%86%A0%EB%9E%91&sop=and&page=2&campus_kind=
카사벨라 레스토랑 주방 직원 구합니다,카사벨라레스토랑,장유신도시,https://www.jangyu.net/board/bbs/board.php?bo_table=inc_guin&wr_id=803620&sca=&sfl=wr_subject&stx=%EB%A0%88%EC%8A%A4%ED%86%A0%EB%9E%91&sop=and&page=2&campus_kind=
"카사벨라 레스토랑 평일,주말 알바구해요 시급 9700원",카사벨라레스토랑,장유신도시,https://www.jangyu.net/board/bbs/board.php?bo_table=inc_guin&wr_id=803599&sca=&sfl=wr_subject&stx=%EB%A0%88%EC%8A%A4%ED%86%A0%EB%9E%91&sop=and&page=2&campus_kind=
레스토랑 세인즈가든에서 주방 직원을 모집합니다.,세인즈가든,장유신도시,https://www.jangyu.net/board/bbs/board.php?bo_table=inc_guin&wr_id=803537&sca=&sfl=wr_subject&stx=%EB%A0%88%EC%8A%A4%ED%86%A0%EB%9E%91&sop=and&page=2&campus_kind=
레스토랑 세인즈가든에서 설거지 이모님을 모집합니,세인즈가든,장유신도시,https://www.jangyu.net/board/bbs/board.php?bo_table=inc_guin&wr_id=803535&sca=&sfl=wr_subject&stx=%EB%A0%88%EC%8A%A4%ED%86%A0%EB%9E%91&sop=and&page=2&campus_kind=
레스토랑 세인즈가든에서 설거지 이모님을 모집합니,세인즈가든,장유신도시,https://www.jangyu.net/board/bbs/board.php?bo_table=inc_guin&wr_id=803341&sca=&sfl=wr_subject&stx=%EB%A0%88%EC%8A%A4%ED%86%A0%EB%9E%91&sop=and&page=2&campus_kind=
레스토랑 세인즈가든에서 주방 직원을 모집합니다.,세인즈가든,장유신도시,https://www.jangyu.net/board/bbs/board.php?bo_table=inc_guin&wr_id=803339&sca=&sfl=wr_subject&stx=%EB%A0%88%EC%8A%A4%ED%86%A0%EB%9E%91&sop=and&page=2&campus_kind=
패밀리 레스토랑 원투원 주방직원 및 아르바이트 모,원투원,장유신도시,https://www.jangyu.net/board/bbs/board.php?bo_table=inc_guin&wr_id=803326&sca=&sfl=wr_subject&stx=%EB%A0%88%EC%8A%A4%ED%86%A0%EB%9E%91&sop=and&page=2&campus_kind=
"카사벨라 레스토랑 알바 구해요 시급 9,700원",카사벨라레스토랑,장유신도시,https://www.jangyu.net/board/bbs/board.php?bo_table=inc_guin&wr_id=803124&sca=&sfl=wr_subject&stx=%EB%A0%88%EC%8A%A4%ED%86%A0%EB%9E%91&sop=and&page=2&campus_kind=
패밀리 레스토랑 원투원 주방직원 및 아르바이트 모,원투원,장유신도시,https://www.jangyu.net/board/bbs/board.php?bo_table=inc_guin&wr_id=803084&sca=&sfl=wr_subject&stx=%EB%A0%88%EC%8A%A4%ED%86%A0%EB%9E%91&sop=and&page=2&campus_kind=
레스토랑 세인즈가든에서 주방 직원을 모집합니다.,세인즈가든,장유신도시,https://www.jangyu.net/board/bbs/board.php?bo_table=inc_guin&wr_id=802959&sca=&sfl=wr_subject&stx=%EB%A0%88%EC%8A%A4%ED%86%A0%EB%9E%91&sop=and&page=2&campus_kind=
레스토랑 세인즈가든에서 평일 오후 설거지 이모님,세인즈가든,장유신도시,https://www.jangyu.net/board/bbs/board.php?bo_table=inc_guin&wr_id=802957&sca=&sfl=wr_subject&stx=%EB%A0%88%EC%8A%A4%ED%86%A0%EB%9E%91&sop=and&page=2&campus_kind=
레스토랑 세인즈가든에서 평일 오전 설거지 이모님,세인즈가든,장유신도시,https://www.jangyu.net/board/bbs/board.php?bo_table=inc_guin&wr_id=802955&sca=&sfl=wr_subject&stx=%EB%A0%88%EC%8A%A4%ED%86%A0%EB%9E%91&sop=and&page=3&campus_kind=
패밀리 레스토랑 원투원 주방직원 및 아르바이트 모,원투원,장유신도시,https://www.jangyu.net/board/bbs/board.php?bo_table=inc_guin&wr_id=802877&sca=&sfl=wr_subject&stx=%EB%A0%88%EC%8A%A4%ED%86%A0%EB%9E%91&sop=and&page=3&campus_kind=
"카사벨라 레스토랑 평일,주말 알바구해요",카사벨라레스토랑,장유신도시,https://www.jangyu.net/board/bbs/board.php?bo_table=inc_guin&wr_id=802639&sca=&sfl=wr_subject&stx=%EB%A0%88%EC%8A%A4%ED%86%A0%EB%9E%91&sop=and&page=3&campus_kind=
패밀리 레스토랑 원투원 주방직원 및 아르바이트 모,원투원,장유신도시,https://www.jangyu.net/board/bbs/board.php?bo_table=inc_guin&wr_id=802606&sca=&sfl=wr_subject&stx=%EB%A0%88%EC%8A%A4%ED%86%A0%EB%9E%91&sop=and&page=3&campus_kind=
패밀리 레스토랑 원투원 주방직원 및 아르바이트 모,원투원,장유신도시,https://www.jangyu.net/board/bbs/board.php?bo_table=inc_guin&wr_id=802363&sca=&sfl=wr_subject&stx=%EB%A0%88%EC%8A%A4%ED%86%A0%EB%9E%91&sop=and&page=3&campus_kind=
레스토랑 세인즈가든에서 주말 오전 설거지 이모님,세인즈가든,장유신도시,https://www.jangyu.net/board/bbs/board.php?bo_table=inc_guin&wr_id=802257&sca=&sfl=wr_subject&stx=%EB%A0%88%EC%8A%A4%ED%86%A0%EB%9E%91&sop=and&page=3&campus_kind=
레스토랑 세인즈가든에서 홀 직원을 모집합니다.,세인즈가든,장유신도시,https://www.jangyu.net/board/bbs/board.php?bo_table=inc_guin&wr_id=802256&sca=&sfl=wr_subject&stx=%EB%A0%88%EC%8A%A4%ED%86%A0%EB%9E%91&sop=and&page=3&campus_kind=
레스토랑 세인즈가든에서 주방 직원을 모집합니다.,세인즈가든,장유신도시,https://www.jangyu.net/board/bbs/board.php?bo_table=inc_guin&wr_id=802255&sca=&sfl=wr_subject&stx=%EB%A0%88%EC%8A%A4%ED%86%A0%EB%9E%91&sop=and&page=3&campus_kind=
레스토랑 세인즈가든에서 주방 직원을 모집합니다.,세인즈가든,장유신도시,https://www.jangyu.net/board/bbs/board.php?bo_table=inc_guin&wr_id=802151&sca=&sfl=wr_subject&stx=%EB%A0%88%EC%8A%A4%ED%86%A0%EB%9E%91&sop=and&page=3&campus_kind=
레스토랑 세인즈가든에서 홀 직원을 모집합니다.,세인즈가든,장유신도시,https://www.jangyu.net/board/bbs/board.php?bo_table=inc_guin&wr_id=802150&sca=&sfl=wr_subject&stx=%EB%A0%88%EC%8A%A4%ED%86%A0%EB%9E%91&sop=and&page=3&campus_kind=
"카사벨라 레스토랑 평일,주말 알바구해요",카사벨라레스토랑,장유신도시,https://www.jangyu.net/board/bbs/board.php?bo_table=inc_guin&wr_id=802100&sca=&sfl=wr_subject&stx=%EB%A0%88%EC%8A%A4%ED%86%A0%EB%9E%91&sop=and&page=3&campus_kind=
레스토랑 세인즈가든에서 홀 직원을 모집합니다.,세인즈가든,장유신도시,https://www.jangyu.net/board/bbs/board.php?bo_table=inc_guin&wr_id=801964&sca=&sfl=wr_subject&stx=%EB%A0%88%EC%8A%A4%ED%86%A0%EB%9E%91&sop=and&page=3&campus_kind=
레스토랑 세인즈가든에서 주방 직원을 모집합니다.,세인즈가든,장유신도시,https://www.jangyu.net/board/bbs/board.php?bo_table=inc_guin&wr_id=801963&sca=&sfl=wr_subject&stx=%EB%A0%88%EC%8A%A4%ED%86%A0%EB%9E%91&sop=and&page=3&campus_kind=
"카사벨라 레스토랑 평일,주말 알바구해요",카사벨라레스토랑,장유신도시,https://www.jangyu.net/board/bbs/board.php?bo_table=inc_guin&wr_id=801897&sca=&sfl=wr_subject&stx=%EB%A0%88%EC%8A%A4%ED%86%A0%EB%9E%91&sop=and&page=3&campus_kind=
패밀리 레스토랑 원투원 주방직원 및 아르바이트 모,원투원,장유신도시,https://www.jangyu.net/board/bbs/board.php?bo_table=inc_guin&wr_id=801870&sca=&sfl=wr_subject&stx=%EB%A0%88%EC%8A%A4%ED%86%A0%EB%9E%91&sop=and&page=3&campus_kind=
패밀리 레스토랑 원투원 주방직원 및 아르바이트 모,원투원,장유신도시,https://www.jangyu.net/board/bbs/board.php?bo_table=inc_guin&wr_id=801640&sca=&sfl=wr_subject&stx=%EB%A0%88%EC%8A%A4%ED%86%A0%EB%9E%91&sop=and&page=3&campus_kind=
레스토랑 세인즈가든에서 주말 홀써빙을 모집합니다,세인즈가든,장유신도시,https://www.jangyu.net/board/bbs/board.php?bo_table=inc_guin&wr_id=801392&sca=&sfl=wr_subject&stx=%EB%A0%88%EC%8A%A4%ED%86%A0%EB%9E%91&sop=and&page=3&campus_kind=
레스토랑 세인즈가든에서 주방 직원을 모집합니다.,세인즈가든,장유신도시,https://www.jangyu.net/board/bbs/board.php?bo_table=inc_guin&wr_id=801390&sca=&sfl=wr_subject&stx=%EB%A0%88%EC%8A%A4%ED%86%A0%EB%9E%91&sop=and&page=3&campus_kind=
레스토랑 세인즈가든에서 홀 직원을 모집합니다.,세인즈가든,장유신도시,https://www.jangyu.net/board/bbs/board.php?bo_table=inc_guin&wr_id=801387&sca=&sfl=wr_subject&stx=%EB%A0%88%EC%8A%A4%ED%86%A0%EB%9E%91&sop=and&page=3&campus_kind=
레스토랑 세인즈가든에서 평일 설거지 이모님을 모,세인즈가든,장유신도시,https://www.jangyu.net/board/bbs/board.php?bo_table=inc_guin&wr_id=801386&sca=&sfl=wr_subject&stx=%EB%A0%88%EC%8A%A4%ED%86%A0%EB%9E%91&sop=and&page=3&campus_kind=
패밀리 레스토랑 원투원 주방직원 및 아르바이트 모,원투원,장유신도시,https://www.jangyu.net/board/bbs/board.php?bo_table=inc_guin&wr_id=801354&sca=&sfl=wr_subject&stx=%EB%A0%88%EC%8A%A4%ED%86%A0%EB%9E%91&sop=and&page=3&campus_kind=
패밀리 레스토랑 원투원 주방직원 및 아르바이트 모,원투원,장유신도시,https://www.jangyu.net/board/bbs/board.php?bo_table=inc_guin&wr_id=801134&sca=&sfl=wr_subject&stx=%EB%A0%88%EC%8A%A4%ED%86%A0%EB%9E%91&sop=and&page=3&campus_kind=
레스토랑 세인즈가든에서 홀 직원을 모집합니다.,세인즈가든,장유신도시,https://www.jangyu.net/board/bbs/board.php?bo_table=inc_guin&wr_id=801118&sca=&sfl=wr_subject&stx=%EB%A0%88%EC%8A%A4%ED%86%A0%EB%9E%91&sop=and&page=3&campus_kind=
레스토랑 세인즈가든에서 주방 직원을 모집합니다.,세인즈가든,장유신도시,https://www.jangyu.net/board/bbs/board.php?bo_table=inc_guin&wr_id=801117&sca=&sfl=wr_subject&stx=%EB%A0%88%EC%8A%A4%ED%86%A0%EB%9E%91&sop=and&page=3&campus_kind=
레스토랑 세인즈가든에서 평일 오후 설거지 이모님,세인즈가든,장유신도시,https://www.jangyu.net/board/bbs/board.php?bo_table=inc_guin&wr_id=801115&sca=&sfl=wr_subject&stx=%EB%A0%88%EC%8A%A4%ED%86%A0%EB%9E%91&sop=and&page=3&campus_kind=
카사벨라 레스토랑 평일.주말 알바 구합니다,카사벨라,장유신도시,https://www.jangyu.net/board/bbs/board.php?bo_table=inc_guin&wr_id=800958&sca=&sfl=wr_subject&stx=%EB%A0%88%EC%8A%A4%ED%86%A0%EB%9E%91&sop=and&page=3&campus_kind=
카사벨라 레스토랑 평일 주말 알바 구합니다,카사벨라레스토랑,삼문율하,https://www.jangyu.net/board/bbs/board.php?bo_table=inc_guin&wr_id=800892&sca=&sfl=wr_subject&stx=%EB%A0%88%EC%8A%A4%ED%86%A0%EB%9E%91&sop=and&page=3&campus_kind=
패밀리 레스토랑 원투원 주방직원 및 아르바이트 모,원투원,장유신도시,https://www.jangyu.net/board/bbs/board.php?bo_table=inc_guin&wr_id=800876&sca=&sfl=wr_subject&stx=%EB%A0%88%EC%8A%A4%ED%86%A0%EB%9E%91&sop=and&page=3&campus_kind=
패밀리 레스토랑 원투원 주방직원 및 아르바이트 모,원투원,장유신도시,https://www.jangyu.net/board/bbs/board.php?bo_table=inc_guin&wr_id=800592&sca=&sfl=wr_subject&stx=%EB%A0%88%EC%8A%A4%ED%86%A0%EB%9E%91&sop=and&page=3&campus_kind=
레스토랑 세인즈가든에서 홀 직원을 모집합니다.,세인즈가든,장유신도시,https://www.jangyu.net/board/bbs/board.php?bo_table=inc_guin&wr_id=800572&sca=&sfl=wr_subject&stx=%EB%A0%88%EC%8A%A4%ED%86%A0%EB%9E%91&sop=and&page=3&campus_kind=
레스토랑 세인즈가든에서 주방 직원을 모집합니다.,세인즈가든,장유신도시,https://www.jangyu.net/board/bbs/board.php?bo_table=inc_guin&wr_id=800571&sca=&sfl=wr_subject&stx=%EB%A0%88%EC%8A%A4%ED%86%A0%EB%9E%91&sop=and&page=4&campus_kind=
레스토랑 세인즈가든에서 평일 오후 설거지 이모님,세인즈가든,장유신도시,https://www.jangyu.net/board/bbs/board.php?bo_table=inc_guin&wr_id=800570&sca=&sfl=wr_subject&stx=%EB%A0%88%EC%8A%A4%ED%86%A0%EB%9E%91&sop=and&page=4&campus_kind=
패밀리 레스토랑 원투원 주방직원 및 아르바이트 모,원투원,장유신도시,https://www.jangyu.net/board/bbs/board.php?bo_table=inc_guin&wr_id=800370&sca=&sfl=wr_subject&stx=%EB%A0%88%EC%8A%A4%ED%86%A0%EB%9E%91&sop=and&page=4&campus_kind=
레스토랑 세인즈가든에서 홀 직원을 모집합니다.,세인즈가든,장유신도시,https://www.jangyu.net/board/bbs/board.php?bo_table=inc_guin&wr_id=800369&sca=&sfl=wr_subject&stx=%EB%A0%88%EC%8A%A4%ED%86%A0%EB%9E%91&sop=and&page=4&campus_kind=
레스토랑 세인즈가든에서 주방 직원을 모집합니다.,세인즈가든,장유신도시,https://www.jangyu.net/board/bbs/board.php?bo_table=inc_guin&wr_id=800368&sca=&sfl=wr_subject&stx=%EB%A0%88%EC%8A%A4%ED%86%A0%EB%9E%91&sop=and&page=4&campus_kind=
레스토랑 세인즈가든에서 설거지 이모님을 모집합니,세인즈가든,장유신도시,https://www.jangyu.net/board/bbs/board.php?bo_table=inc_guin&wr_id=800367&sca=&sfl=wr_subject&stx=%EB%A0%88%EC%8A%A4%ED%86%A0%EB%9E%91&sop=and&page=4&campus_kind=
"카사벨라 레스토랑 평일,주말 알바구해요",카사벨라레스토랑,장유신도시,https://www.jangyu.net/board/bbs/board.php?bo_table=inc_guin&wr_id=800197&sca=&sfl=wr_subject&stx=%EB%A0%88%EC%8A%A4%ED%86%A0%EB%9E%91&sop=and&page=4&campus_kind=
패밀리 레스토랑 원투원 주방직원 및 아르바이트 모,원투원,장유신도시,https://www.jangyu.net/board/bbs/board.php?bo_table=inc_guin&wr_id=800122&sca=&sfl=wr_subject&stx=%EB%A0%88%EC%8A%A4%ED%86%A0%EB%9E%91&sop=and&page=4&campus_kind=
레스토랑 세인즈가든에서 주방 직원을 모집합니다.,세인즈가든,장유신도시,https://www.jangyu.net/board/bbs/board.php?bo_table=inc_guin&wr_id=800108&sca=&sfl=wr_subject&stx=%EB%A0%88%EC%8A%A4%ED%86%A0%EB%9E%91&sop=and&page=4&campus_kind=
레스토랑 세인즈가든에서 평일 저녁 설거지 이모님,세인즈가든,장유신도시,https://www.jangyu.net/board/bbs/board.php?bo_table=inc_guin&wr_id=800107&sca=&sfl=wr_subject&stx=%EB%A0%88%EC%8A%A4%ED%86%A0%EB%9E%91&sop=and&page=4&campus_kind=
레스토랑 세인즈가든에서 주말 아르바이트 구합니다,세인즈가든,장유신도시,https://www.jangyu.net/board/bbs/board.php?bo_table=inc_guin&wr_id=800106&sca=&sfl=wr_subject&stx=%EB%A0%88%EC%8A%A4%ED%86%A0%EB%9E%91&sop=and&page=4&campus_kind=
레스토랑 세인즈가든에서 홀 직원을 모집합니다.,세인즈가든,장유신도시,https://www.jangyu.net/board/bbs/board.php?bo_table=inc_guin&wr_id=800105&sca=&sfl=wr_subject&stx=%EB%A0%88%EC%8A%A4%ED%86%A0%EB%9E%91&sop=and&page=4&campus_kind=
"카사벨라 레스토랑 평일,주말 알바구해요",카사벨라레스토랑,장유신도시,https://www.jangyu.net/board/bbs/board.php?bo_table=inc_guin&wr_id=800011&sca=&sfl=wr_subject&stx=%EB%A0%88%EC%8A%A4%ED%86%A0%EB%9E%91&sop=and&page=4&campus_kind=
패밀리 레스토랑 원투원 주방직원 및 아르바이트 모,원투원,장유신도시,https://www.jangyu.net/board/bbs/board.php?bo_table=inc_guin&wr_id=799873&sca=&sfl=wr_subject&stx=%EB%A0%88%EC%8A%A4%ED%86%A0%EB%9E%91&sop=and&page=4&campus_kind=
레스토랑 세인즈가드에서 주말 아르바이트 모집합니,세인즈가든,장유신도시,https://www.jangyu.net/board/bbs/board.php?bo_table=inc_guin&wr_id=799857&sca=&sfl=wr_subject&stx=%EB%A0%88%EC%8A%A4%ED%86%A0%EB%9E%91&sop=and&page=4&campus_kind=
레스토랑 세인즈가든에서 오후 설거지 이모님을 모,세인즈가든,장유신도시,https://www.jangyu.net/board/bbs/board.php?bo_table=inc_guin&wr_id=799854&sca=&sfl=wr_subject&stx=%EB%A0%88%EC%8A%A4%ED%86%A0%EB%9E%91&sop=and&page=4&campus_kind=
레스토랑 세인즈가든에서 주방 직원을 모집합니다.,세인즈가든,장유신도시,https://www.jangyu.net/board/bbs/board.php?bo_table=inc_guin&wr_id=799852&sca=&sfl=wr_subject&stx=%EB%A0%88%EC%8A%A4%ED%86%A0%EB%9E%91&sop=and&page=4&campus_kind=
레스토랑 세인즈가든에서 홀 직원을 모집합니다.,세인즈가든,장유신도시,https://www.jangyu.net/board/bbs/board.php?bo_table=inc_guin&wr_id=799851&sca=&sfl=wr_subject&stx=%EB%A0%88%EC%8A%A4%ED%86%A0%EB%9E%91&sop=and&page=4&campus_kind=
멕시칸레스토랑 바모스에서 주방 2명 / 홀알바를 구,바모스VAMOS,신문장유,https://www.jangyu.net/board/bbs/board.php?bo_table=inc_guin&wr_id=799782&sca=&sfl=wr_subject&stx=%EB%A0%88%EC%8A%A4%ED%86%A0%EB%9E%91&sop=and&page=4&campus_kind=
레스토랑 바모스에서 시급1만원 알바/ 주방정직원 구,바모스VAMOS,신문장유,https://www.jangyu.net/board/bbs/board.php?bo_table=inc_guin&wr_id=799781&sca=&sfl=wr_subject&stx=%EB%A0%88%EC%8A%A4%ED%86%A0%EB%9E%91&sop=and&page=4&campus_kind=
"카사벨라 레스토랑 평일,주말 알바구해요",카사벨라레스토랑,장유신도시,https://www.jangyu.net/board/bbs/board.php?bo_table=inc_guin&wr_id=799769&sca=&sfl=wr_subject&stx=%EB%A0%88%EC%8A%A4%ED%86%A0%EB%9E%91&sop=and&page=4&campus_kind=
레스토랑 세인즈가든에서 홀 직원을 모집합니다.,세인즈가든,장유신도시,https://www.jangyu.net/board/bbs/board.php?bo_table=inc_guin&wr_id=799682&sca=&sfl=wr_subject&stx=%EB%A0%88%EC%8A%A4%ED%86%A0%EB%9E%91&sop=and&page=4&campus_kind=
레스토랑 세인즈가든에서 주방 직원을 모집합니다.,세인즈가든,장유신도시,https://www.jangyu.net/board/bbs/board.php?bo_table=inc_guin&wr_id=799681&sca=&sfl=wr_subject&stx=%EB%A0%88%EC%8A%A4%ED%86%A0%EB%9E%91&sop=and&page=4&campus_kind=
레스토랑 세인즈가드에서 설거지 아르바이트 모집합,세인즈가든,장유신도시,https://www.jangyu.net/board/bbs/board.php?bo_table=inc_guin&wr_id=799679&sca=&sfl=wr_subject&stx=%EB%A0%88%EC%8A%A4%ED%86%A0%EB%9E%91&sop=and&page=4&campus_kind=
레스토랑 바모스에서 시급1만원 알바/ 주방정직원 구,바모스VAMOS,장유신도시,https://www.jangyu.net/board/bbs/board.php?bo_table=inc_guin&wr_id=799555&sca=&sfl=wr_subject&stx=%EB%A0%88%EC%8A%A4%ED%86%A0%EB%9E%91&sop=and&page=4&campus_kind=
레스토랑 세인즈가드에서 설거지 아르바이트 모집합,세인즈가든,장유신도시,https://www.jangyu.net/board/bbs/board.php?bo_table=inc_guin&wr_id=799511&sca=&sfl=wr_subject&stx=%EB%A0%88%EC%8A%A4%ED%86%A0%EB%9E%91&sop=and&page=4&campus_kind=
패밀리 레스토랑 원투원 주방직원 및 아르바이트 모,원투원,장유신도시,https://www.jangyu.net/board/bbs/board.php?bo_table=inc_guin&wr_id=799417&sca=&sfl=wr_subject&stx=%EB%A0%88%EC%8A%A4%ED%86%A0%EB%9E%91&sop=and&page=4&campus_kind=
레스토랑 세인즈가든에서 홀 직원을 모집합니다.,세인즈가든,장유신도시,https://www.jangyu.net/board/bbs/board.php?bo_table=inc_guin&wr_id=799390&sca=&sfl=wr_subject&stx=%EB%A0%88%EC%8A%A4%ED%86%A0%EB%9E%91&sop=and&page=4&campus_kind=
레스토랑 세인즈가든에서 주방 직원을 모집합니다.,세인즈가든,장유신도시,https://www.jangyu.net/board/bbs/board.php?bo_table=inc_guin&wr_id=799389&sca=&sfl=wr_subject&stx=%EB%A0%88%EC%8A%A4%ED%86%A0%EB%9E%91&sop=and&page=4&campus_kind=
레스토랑 세인즈가드에서 주말오후 설거지 이모님을,세인즈가든,장유신도시,https://www.jangyu.net/board/bbs/board.php?bo_table=inc_guin&wr_id=799226&sca=&sfl=wr_subject&stx=%EB%A0%88%EC%8A%A4%ED%86%A0%EB%9E%91&sop=and&page=4&campus_kind=
레스토랑 세인즈가든에서 홀 직원을 모집합니다.,세인즈가든,장유신도시,https://www.jangyu.net/board/bbs/board.php?bo_table=inc_guin&wr_id=799225&sca=&sfl=wr_subject&stx=%EB%A0%88%EC%8A%A4%ED%86%A0%EB%9E%91&sop=and&page=5&campus_kind=
레스토랑 세인즈가든에서 주방 직원을 모집합니다.,세인즈가든,장유신도시,https://www.jangyu.net/board/bbs/board.php?bo_table=inc_guin&wr_id=799224&sca=&sfl=wr_subject&stx=%EB%A0%88%EC%8A%A4%ED%86%A0%EB%9E%91&sop=and&page=5&campus_kind=
레스토랑 세인즈가든에서 주방 직원을 모집합니다.,세인즈가든,장유신도시,https://www.jangyu.net/board/bbs/board.php?bo_table=inc_guin&wr_id=799152&sca=&sfl=wr_subject&stx=%EB%A0%88%EC%8A%A4%ED%86%A0%EB%9E%91&sop=and&page=5&campus_kind=
레스토랑 세인즈가든에서 홀 직원을 모집합니다.,세인즈가든,장유신도시,https://www.jangyu.net/board/bbs/board.php?bo_table=inc_guin&wr_id=799129&sca=&sfl=wr_subject&stx=%EB%A0%88%EC%8A%A4%ED%86%A0%EB%9E%91&sop=and&page=5&campus_kind=
레스토랑 세인즈가드에서 주말오후 설거지 이모님을,세인즈가든,장유신도시,https://www.jangyu.net/board/bbs/board.php?bo_table=inc_guin&wr_id=799128&sca=&sfl=wr_subject&stx=%EB%A0%88%EC%8A%A4%ED%86%A0%EB%9E%91&sop=and&page=5&campus_kind=
카사벨라 레스토랑 평일 마감알바 구합니다,카사벨라레스토랑,장유신도시,https://www.jangyu.net/board/bbs/board.php?bo_table=inc_guin&wr_id=799118&sca=&sfl=wr_subject&stx=%EB%A0%88%EC%8A%A4%ED%86%A0%EB%9E%91&sop=and&page=5&campus_kind=
패밀리 레스토랑 원투원 주방직원 및 아르바이트 모,원투원,장유신도시,https://www.jangyu.net/board/bbs/board.php?bo_table=inc_guin&wr_id=799111&sca=&sfl=wr_subject&stx=%EB%A0%88%EC%8A%A4%ED%86%A0%EB%9E%91&sop=and&page=5&campus_kind=
레스토랑 세인즈가든에서 홀 직원을 모집합니다.,세인즈가든,장유신도시,https://www.jangyu.net/board/bbs/board.php?bo_table=inc_guin&wr_id=798920&sca=&sfl=wr_subject&stx=%EB%A0%88%EC%8A%A4%ED%86%A0%EB%9E%91&sop=and&page=5&campus_kind=
패밀리 레스토랑 원투원 주방직원 및 아르바이트 모,원투원,장유신도시,https://www.jangyu.net/board/bbs/board.php?bo_table=inc_guin&wr_id=798873&sca=&sfl=wr_subject&stx=%EB%A0%88%EC%8A%A4%ED%86%A0%EB%9E%91&sop=and&page=5&campus_kind=
패밀리 레스토랑 원투원 주방직원 및 아르바이트 모,원투원,장유신도시,https://www.jangyu.net/board/bbs/board.php?bo_table=inc_guin&wr_id=798653&sca=&sfl=wr_subject&stx=%EB%A0%88%EC%8A%A4%ED%86%A0%EB%9E%91&sop=and&page=5&campus_kind=
패밀리 레스토랑 원투원 주방직원 및 아르바이트 모,원투원,장유신도시,https://www.jangyu.net/board/bbs/board.php?bo_table=inc_guin&wr_id=798424&sca=&sfl=wr_subject&stx=%EB%A0%88%EC%8A%A4%ED%86%A0%EB%9E%91&sop=and&page=5&campus_kind=
레스토랑 세인즈가든에서 홀 직원을 모집합니다.,세인즈가든,장유신도시,https://www.jangyu.net/board/bbs/board.php?bo_table=inc_guin&wr_id=798418&sca=&sfl=wr_subject&stx=%EB%A0%88%EC%8A%A4%ED%86%A0%EB%9E%91&sop=and&page=5&campus_kind=
레스토랑 세인즈가드에서 주말 아르바이트 모집합니,세인즈가든,장유신도시,https://www.jangyu.net/board/bbs/board.php?bo_table=inc_guin&wr_id=798213&sca=&sfl=wr_subject&stx=%EB%A0%88%EC%8A%A4%ED%86%A0%EB%9E%91&sop=and&page=5&campus_kind=
레스토랑 세인즈가든에서 홀 직원을 모집합니다.,세인즈가든,장유신도시,https://www.jangyu.net/board/bbs/board.php?bo_table=inc_guin&wr_id=798211&sca=&sfl=wr_subject&stx=%EB%A0%88%EC%8A%A4%ED%86%A0%EB%9E%91&sop=and&page=5&campus_kind=
패밀리 레스토랑 원투원 주방직원 및 아르바이트 모,원투원,장유신도시,https://www.jangyu.net/board/bbs/board.php?bo_table=inc_guin&wr_id=798172&sca=&sfl=wr_subject&stx=%EB%A0%88%EC%8A%A4%ED%86%A0%EB%9E%91&sop=and&page=5&campus_kind=
레스토랑 세인즈가드에서 주말 아르바이트 모집합니,세인즈가든,장유신도시,https://www.jangyu.net/board/bbs/board.php?bo_table=inc_guin&wr_id=798058&sca=&sfl=wr_subject&stx=%EB%A0%88%EC%8A%A4%ED%86%A0%EB%9E%91&sop=and&page=5&campus_kind=
레스토랑 세인즈가든에서 홀 직원을 모집합니다.,세인즈가든,장유신도시,https://www.jangyu.net/board/bbs/board.php?bo_table=inc_guin&wr_id=798013&sca=&sfl=wr_subject&stx=%EB%A0%88%EC%8A%A4%ED%86%A0%EB%9E%91&sop=and&page=5&campus_kind=
패밀리 레스토랑 원투원 주방직원 및 아르바이트 모,원투원,장유신도시,https://www.jangyu.net/board/bbs/board.php?bo_table=inc_guin&wr_id=797886&sca=&sfl=wr_subject&stx=%EB%A0%88%EC%8A%A4%ED%86%A0%EB%9E%91&sop=and&page=5&campus_kind=
패밀리 레스토랑 원투원 주방직원 및 아르바이트 모,원투원,장유신도시,https://www.jangyu.net/board/bbs/board.php?bo_table=inc_guin&wr_id=797561&sca=&sfl=wr_subject&stx=%EB%A0%88%EC%8A%A4%ED%86%A0%EB%9E%91&sop=and&page=5&campus_kind=
카사벨라 레스토랑 주말 마감 구합니다,카사벨라레스토랑,장유신도시,https://www.jangyu.net/board/bbs/board.php?bo_table=inc_guin&wr_id=797559&sca=&sfl=wr_subject&stx=%EB%A0%88%EC%8A%A4%ED%86%A0%EB%9E%91&sop=and&page=5&campus_kind=
패밀리 레스토랑 원투원 주방직원 및 아르바이트 모,원투원,장유신도시,https://www.jangyu.net/board/bbs/board.php?bo_table=inc_guin&wr_id=797360&sca=&sfl=wr_subject&stx=%EB%A0%88%EC%8A%A4%ED%86%A0%EB%9E%91&sop=and&page=5&campus_kind=
패밀리 레스토랑 원투원 주방직원 및 아르바이트 모,원투원,장유신도시,https://www.jangyu.net/board/bbs/board.php?bo_table=inc_guin&wr_id=797118&sca=&sfl=wr_subject&stx=%EB%A0%88%EC%8A%A4%ED%86%A0%EB%9E%91&sop=and&page=5&campus_kind=
장유 바모스 레스토랑에서 주5일 홀 정직원 2명을 모,바모스VAMOS,장유신도시,https://www.jangyu.net/board/bbs/board.php?bo_table=inc_guin&wr_id=797061&sca=&sfl=wr_subject&stx=%EB%A0%88%EC%8A%A4%ED%86%A0%EB%9E%91&sop=and&page=5&campus_kind=
장유 바모스 레스토랑에서 주5일 홀 정직원 2명을 모,바모스VAMOS,삼문율하,https://www.jangyu.net/board/bbs/board.php?bo_table=inc_guin&wr_id=797060&sca=&sfl=wr_subject&stx=%EB%A0%88%EC%8A%A4%ED%86%A0%EB%9E%91&sop=and&page=5&campus_kind=
장유 바모스 레스토랑에서 주5일 홀 정직원 2명을 모,바모스VAMOS,신문장유,https://www.jangyu.net/board/bbs/board.php?bo_table=inc_guin&wr_id=797059&sca=&sfl=wr_subject&stx=%EB%A0%88%EC%8A%A4%ED%86%A0%EB%9E%91&sop=and&page=5&campus_kind=
패밀리 레스토랑 원투원 주방직원 및 아르바이트 모,원투원,장유신도시,https://www.jangyu.net/board/bbs/board.php?bo_table=inc_guin&wr_id=796924&sca=&sfl=wr_subject&stx=%EB%A0%88%EC%8A%A4%ED%86%A0%EB%9E%91&sop=and&page=5&campus_kind=
패밀리 레스토랑 원투원 주방직원 및 아르바이트 모,원투원,장유신도시,https://www.jangyu.net/board/bbs/board.php?bo_table=inc_guin&wr_id=796679&sca=&sfl=wr_subject&stx=%EB%A0%88%EC%8A%A4%ED%86%A0%EB%9E%91&sop=and&page=5&campus_kind=
패밀리 레스토랑 원투원 주방직원 및 아르바이트 모,원투원,장유신도시,https://www.jangyu.net/board/bbs/board.php?bo_table=inc_guin&wr_id=796392&sca=&sfl=wr_subject&stx=%EB%A0%88%EC%8A%A4%ED%86%A0%EB%9E%91&sop=and&page=5&campus_kind=
패밀리 레스토랑 원투원 주방직원 및 아르바이트 모,원투원,장유신도시,https://www.jangyu.net/board/bbs/board.php?bo_table=inc_guin&wr_id=796140&sca=&sfl=wr_subject&stx=%EB%A0%88%EC%8A%A4%ED%86%A0%EB%9E%91&sop=and&page=5&campus_kind=
패밀리 레스토랑 원투원 주방직원 및 아르바이트 모,원투원,장유신도시,https://www.jangyu.net/board/bbs/board.php?bo_table=inc_guin&wr_id=795911&sca=&sfl=wr_subject&stx=%EB%A0%88%EC%8A%A4%ED%86%A0%EB%9E%91&sop=and&page=5&campus_kind=
패밀리 레스토랑 원투원 주방직원 및 아르바이트 모,원투원,장유신도시,https://www.jangyu.net/board/bbs/board.php?bo_table=inc_guin&wr_id=795809&sca=&sfl=wr_subject&stx=%EB%A0%88%EC%8A%A4%ED%86%A0%EB%9E%91&sop=and&page=6&campus_kind=
"카사벨라 레스토랑 평일,주말 알바구해요",카사벨라레스토랑,장유신도시,https://www.jangyu.net/board/bbs/board.php?bo_table=inc_guin&wr_id=795710&sca=&sfl=wr_subject&stx=%EB%A0%88%EC%8A%A4%ED%86%A0%EB%9E%91&sop=and&page=6&campus_kind=
패밀리 레스토랑 원투원 주방직원 및 아르바이트 모,원투원,장유신도시,https://www.jangyu.net/board/bbs/board.php?bo_table=inc_guin&wr_id=795687&sca=&sfl=wr_subject&stx=%EB%A0%88%EC%8A%A4%ED%86%A0%EB%9E%91&sop=and&page=6&campus_kind=
"카사벨라 레스토랑 평일,주말 알바구해요",카사벨라레스토랑,장유신도시,https://www.jangyu.net/board/bbs/board.php?bo_table=inc_guin&wr_id=795503&sca=&sfl=wr_subject&stx=%EB%A0%88%EC%8A%A4%ED%86%A0%EB%9E%91&sop=and&page=6&campus_kind=
레스토랑 세인즈가든에서 홀 직원을 모집합니다.,세인즈가든,장유신도시,https://www.jangyu.net/board/bbs/board.php?bo_table=inc_guin&wr_id=795496&sca=&sfl=wr_subject&stx=%EB%A0%88%EC%8A%A4%ED%86%A0%EB%9E%91&sop=and&page=6&campus_kind=
패밀리 레스토랑 원투원 주방직원 및 아르바이트 모,원투원,장유신도시,https://www.jangyu.net/board/bbs/board.php?bo_table=inc_guin&wr_id=795433&sca=&sfl=wr_subject&stx=%EB%A0%88%EC%8A%A4%ED%86%A0%EB%9E%91&sop=and&page=6&campus_kind=
"카사벨라 레스토랑 평일,주말 마감알바구해요",카사벨라레스토랑,장유신도시,https://www.jangyu.net/board/bbs/board.php?bo_table=inc_guin&wr_id=795208&sca=&sfl=wr_subject&stx=%EB%A0%88%EC%8A%A4%ED%86%A0%EB%9E%91&sop=and&page=6&campus_kind=
패밀리 레스토랑 원투원 주방직원 및 아르바이트 모,원투원,장유신도시,https://www.jangyu.net/board/bbs/board.php?bo_table=inc_guin&wr_id=795194&sca=&sfl=wr_subject&stx=%EB%A0%88%EC%8A%A4%ED%86%A0%EB%9E%91&sop=and&page=6&campus_kind=
패밀리 레스토랑 원투원 주방직원 및 아르바이트 모,원투원,장유신도시,https://www.jangyu.net/board/bbs/board.php?bo_table=inc_guin&wr_id=794933&sca=&sfl=wr_subject&stx=%EB%A0%88%EC%8A%A4%ED%86%A0%EB%9E%91&sop=and&page=6&campus_kind=
"바모스 레스토랑에서 주방, 홀 정직원을 모집합니다.",바모스VAMOS,신문장유,https://www.jangyu.net/board/bbs/board.php?bo_table=inc_guin&wr_id=794897&sca=&sfl=wr_subject&stx=%EB%A0%88%EC%8A%A4%ED%86%A0%EB%9E%91&sop=and&page=6&campus_kind=
"바모스 레스토랑에서 주방, 홀 정직원을 모집합니다.",바모스VAMOS,삼문율하,https://www.jangyu.net/board/bbs/board.php?bo_table=inc_guin&wr_id=794896&sca=&sfl=wr_subject&stx=%EB%A0%88%EC%8A%A4%ED%86%A0%EB%9E%91&sop=and&page=6&campus_kind=
"바모스 레스토랑에서 주방, 홀 정직원을 모집합니다.",바모스VAMOS,신문장유,https://www.jangyu.net/board/bbs/board.php?bo_table=inc_guin&wr_id=794895&sca=&sfl=wr_subject&stx=%EB%A0%88%EC%8A%A4%ED%86%A0%EB%9E%91&sop=and&page=6&campus_kind=
패밀리 레스토랑 원투원 주방직원 및 아르바이트 모,원투원,장유신도시,https://www.jangyu.net/board/bbs/board.php?bo_table=inc_guin&wr_id=794390&sca=&sfl=wr_subject&stx=%EB%A0%88%EC%8A%A4%ED%86%A0%EB%9E%91&sop=and&page=6&campus_kind=
패밀리 레스토랑 원투원 주방직원 및 아르바이트 모,원투원,장유신도시,https://www.jangyu.net/board/bbs/board.php?bo_table=inc_guin&wr_id=794186&sca=&sfl=wr_subject&stx=%EB%A0%88%EC%8A%A4%ED%86%A0%EB%9E%91&sop=and&page=6&campus_kind=
카사벨라 레스토랑 평일 마감알바 구합니다,카사벨라레스토랑,장유신도시,https://www.jangyu.net/board/bbs/board.php?bo_table=inc_guin&wr_id=794183&sca=&sfl=wr_subject&stx=%EB%A0%88%EC%8A%A4%ED%86%A0%EB%9E%91&sop=and&page=6&campus_kind=
패밀리 레스토랑 원투원 주방직원 및 아르바이트 모,원투원,장유신도시,https://www.jangyu.net/board/bbs/board.php?bo_table=inc_guin&wr_id=793979&sca=&sfl=wr_subject&stx=%EB%A0%88%EC%8A%A4%ED%86%A0%EB%9E%91&sop=and&page=6&campus_kind=
패밀리 레스토랑 원투원 주방직원 및 아르바이트 모,원투원,장유신도시,https://www.jangyu.net/board/bbs/board.php?bo_table=inc_guin&wr_id=793704&sca=&sfl=wr_subject&stx=%EB%A0%88%EC%8A%A4%ED%86%A0%EB%9E%91&sop=and&page=6&campus_kind=
패밀리 레스토랑 원투원 주방직원 및 아르바이트 모,원투원,장유신도시,https://www.jangyu.net/board/bbs/board.php?bo_table=inc_guin&wr_id=793422&sca=&sfl=wr_subject&stx=%EB%A0%88%EC%8A%A4%ED%86%A0%EB%9E%91&sop=and&page=6&campus_kind=
카사벨라 레스토랑 주말 마감 구합니다,카사벨라레스토랑,장유신도시,https://www.jangyu.net/board/bbs/board.php?bo_table=inc_guin&wr_id=793076&sca=&sfl=wr_subject&stx=%EB%A0%88%EC%8A%A4%ED%86%A0%EB%9E%91&sop=and&page=6&campus_kind=
패밀리 레스토랑 원투원 주방직원 및 아르바이트 모,원투원,장유신도시,https://www.jangyu.net/board/bbs/board.php?bo_table=inc_guin&wr_id=793017&sca=&sfl=wr_subject&stx=%EB%A0%88%EC%8A%A4%ED%86%A0%EB%9E%91&sop=and&page=6&campus_kind=
카사벨라 레스토랑 평일 알바 구합니다,카사벨라레스토랑,장유신도시,https://www.jangyu.net/board/bbs/board.php?bo_table=inc_guin&wr_id=792829&sca=&sfl=wr_subject&stx=%EB%A0%88%EC%8A%A4%ED%86%A0%EB%9E%91&sop=and&page=6&campus_kind=
패밀리 레스토랑 원투원 주방직원 및 아르바이트 모,원투원,장유신도시,https://www.jangyu.net/board/bbs/board.php?bo_table=inc_guin&wr_id=792800&sca=&sfl=wr_subject&stx=%EB%A0%88%EC%8A%A4%ED%86%A0%EB%9E%91&sop=and&page=6&campus_kind=
패밀리 레스토랑 원투원 주방직원 및 아르바이트 모,원투원,장유신도시,https://www.jangyu.net/board/bbs/board.php?bo_table=inc_guin&wr_id=792727&sca=&sfl=wr_subject&stx=%EB%A0%88%EC%8A%A4%ED%86%A0%EB%9E%91&sop=and&page=6&campus_kind=
패밀리 레스토랑 원투원 주방직원 및 아르바이트 모,원투원,장유신도시,https://www.jangyu.net/board/bbs/board.php?bo_table=inc_guin&wr_id=792559&sca=&sfl=wr_subject&stx=%EB%A0%88%EC%8A%A4%ED%86%A0%EB%9E%91&sop=and&page=6&campus_kind=
장유 율하 중식레스토랑 차이나리퍼블릭에서 홀 직,차이나리퍼블릭,장유신도시,https://www.jangyu.net/board/bbs/board.php?bo_table=inc_guin&wr_id=792310&sca=&sfl=wr_subject&stx=%EB%A0%88%EC%8A%A4%ED%86%A0%EB%9E%91&sop=and&page=6&campus_kind=
패밀리 레스토랑 원투원 주방직원 및 아르바이트 모,원투원,장유신도시,https://www.jangyu.net/board/bbs/board.php?bo_table=inc_guin&wr_id=792300&sca=&sfl=wr_subject&stx=%EB%A0%88%EC%8A%A4%ED%86%A0%EB%9E%91&sop=and&page=6&campus_kind=
카사벨라 레스토랑 평일 알바구해요,카사벨라레스토랑,장유신도시,https://www.jangyu.net/board/bbs/board.php?bo_table=inc_guin&wr_id=792038&sca=&sfl=wr_subject&stx=%EB%A0%88%EC%8A%A4%ED%86%A0%EB%9E%91&sop=and&page=6&campus_kind=
패밀리 레스토랑 원투원 주방직원 및 아르바이트 모,원투원,장유신도시,https://www.jangyu.net/board/bbs/board.php?bo_table=inc_guin&wr_id=792013&sca=&sfl=wr_subject&stx=%EB%A0%88%EC%8A%A4%ED%86%A0%EB%9E%91&sop=and&page=6&campus_kind=
"카사벨라 레스토랑 평일,주말 알바구해요",카사벨라레스토랑,장유신도시,https://www.jangyu.net/board/bbs/board.php?bo_table=inc_guin&wr_id=791783&sca=&sfl=wr_subject&stx=%EB%A0%88%EC%8A%A4%ED%86%A0%EB%9E%91&sop=and&page=6&campus_kind=
패밀리 레스토랑 원투원 주방직원 및 아르바이트 모,원투원,장유신도시,https://www.jangyu.net/board/bbs/board.php?bo_table=inc_guin&wr_id=791708&sca=&sfl=wr_subject&stx=%EB%A0%88%EC%8A%A4%ED%86%A0%EB%9E%91&sop=and&page=6&campus_kind=
"카사벨라 레스토랑 평일,주말 알바구해요",카사벨라레스토랑,장유신도시,https://www.jangyu.net/board/bbs/board.php?bo_table=inc_guin&wr_id=791572&sca=&sfl=wr_subject&stx=%EB%A0%88%EC%8A%A4%ED%86%A0%EB%9E%91&sop=and&page=7&campus_kind=
패밀리 레스토랑 원투원 주방직원 및 아르바이트 모,원투원,장유신도시,https://www.jangyu.net/board/bbs/board.php?bo_table=inc_guin&wr_id=791570&sca=&sfl=wr_subject&stx=%EB%A0%88%EC%8A%A4%ED%86%A0%EB%9E%91&sop=and&page=7&campus_kind=
급구 카사벨라 레스토랑 평일 오픈알바 구합니다,카사벨라레스토랑,삼문율하,https://www.jangyu.net/board/bbs/board.php?bo_table=inc_guin&wr_id=791429&sca=&sfl=wr_subject&stx=%EB%A0%88%EC%8A%A4%ED%86%A0%EB%9E%91&sop=and&page=7&campus_kind=
"카사벨라 레스토랑 평일,주말 알바구해요",카사벨라레스토랑,장유신도시,https://www.jangyu.net/board/bbs/board.php?bo_table=inc_guin&wr_id=791427&sca=&sfl=wr_subject&stx=%EB%A0%88%EC%8A%A4%ED%86%A0%EB%9E%91&sop=and&page=7&campus_kind=
패밀리 레스토랑 원투원 주방직원 및 아르바이트 모,원투원,장유신도시,https://www.jangyu.net/board/bbs/board.php?bo_table=inc_guin&wr_id=791354&sca=&sfl=wr_subject&stx=%EB%A0%88%EC%8A%A4%ED%86%A0%EB%9E%91&sop=and&page=7&campus_kind=
패밀리 레스토랑 원투원 주방직원 및 아르바이트 모,원투원,장유신도시,https://www.jangyu.net/board/bbs/board.php?bo_table=inc_guin&wr_id=791217&sca=&sfl=wr_subject&stx=%EB%A0%88%EC%8A%A4%ED%86%A0%EB%9E%91&sop=and&page=7&campus_kind=
패밀리 레스토랑 원투원 주방직원 및 아르바이트 모,원투원,장유신도시,https://www.jangyu.net/board/bbs/board.php?bo_table=inc_guin&wr_id=790859&sca=&sfl=wr_subject&stx=%EB%A0%88%EC%8A%A4%ED%86%A0%EB%9E%91&sop=and&page=7&campus_kind=
장유 율하 중식레스토랑 차이나리퍼블릭에서 홀서빙,차이나리퍼블릭,장유신도시,https://www.jangyu.net/board/bbs/board.php?bo_table=inc_guin&wr_id=790834&sca=&sfl=wr_subject&stx=%EB%A0%88%EC%8A%A4%ED%86%A0%EB%9E%91&sop=and&page=7&campus_kind=
"카사벨라 레스토랑 평일,주말 알바구해요",카사벨라레스토랑,장유신도시,https://www.jangyu.net/board/bbs/board.php?bo_table=inc_guin&wr_id=790607&sca=&sfl=wr_subject&stx=%EB%A0%88%EC%8A%A4%ED%86%A0%EB%9E%91&sop=and&page=7&campus_kind=
패밀리 레스토랑 원투원 주방직원 및 아르바이트 모,원투원,장유신도시,https://www.jangyu.net/board/bbs/board.php?bo_table=inc_guin&wr_id=790604&sca=&sfl=wr_subject&stx=%EB%A0%88%EC%8A%A4%ED%86%A0%EB%9E%91&sop=and&page=7&campus_kind=
김해 율하 중식 레스토랑 차이나리퍼블릭에서 홀 정,차이나리퍼블릭,장유신도시,https://www.jangyu.net/board/bbs/board.php?bo_table=inc_guin&wr_id=790321&sca=&sfl=wr_subject&stx=%EB%A0%88%EC%8A%A4%ED%86%A0%EB%9E%91&sop=and&page=7&campus_kind=
패밀리 레스토랑 원투원 주방직원 및 아르바이트 모,원투원,장유신도시,https://www.jangyu.net/board/bbs/board.php?bo_table=inc_guin&wr_id=790045&sca=&sfl=wr_subject&stx=%EB%A0%88%EC%8A%A4%ED%86%A0%EB%9E%91&sop=and&page=7&campus_kind=
패밀리 레스토랑 원투원 주방직원 및 아르바이트 모,원투원,장유신도시,https://www.jangyu.net/board/bbs/board.php?bo_table=inc_guin&wr_id=789610&sca=&sfl=wr_subject&stx=%EB%A0%88%EC%8A%A4%ED%86%A0%EB%9E%91&sop=and&page=7&campus_kind=
패밀리 레스토랑 원투원 주방직원 및 아르바이트 모,원투원,장유신도시,https://www.jangyu.net/board/bbs/board.php?bo_table=inc_guin&wr_id=789375&sca=&sfl=wr_subject&stx=%EB%A0%88%EC%8A%A4%ED%86%A0%EB%9E%91&sop=and&page=7&campus_kind=
패밀리 레스토랑 원투원 주방직원 및 아르바이트 모,원투원,장유신도시,https://www.jangyu.net/board/bbs/board.php?bo_table=inc_guin&wr_id=789042&sca=&sfl=wr_subject&stx=%EB%A0%88%EC%8A%A4%ED%86%A0%EB%9E%91&sop=and&page=7&campus_kind=
패밀리 레스토랑 원투원 주방직원 및 아르바이트 모,원투원,장유신도시,https://www.jangyu.net/board/bbs/board.php?bo_table=inc_guin&wr_id=788735&sca=&sfl=wr_subject&stx=%EB%A0%88%EC%8A%A4%ED%86%A0%EB%9E%91&sop=and&page=7&campus_kind=
"카사벨라 레스토랑 평일 오픈,마감 알바 구합니다",카사벨라레스토랑,장유신도시,https://www.jangyu.net/board/bbs/board.php?bo_table=inc_guin&wr_id=788445&sca=&sfl=wr_subject&stx=%EB%A0%88%EC%8A%A4%ED%86%A0%EB%9E%91&sop=and&page=7&campus_kind=
패밀리 레스토랑 원투원 주방직원 및 아르바이트 모,원투원,장유신도시,https://www.jangyu.net/board/bbs/board.php?bo_table=inc_guin&wr_id=788213&sca=&sfl=wr_subject&stx=%EB%A0%88%EC%8A%A4%ED%86%A0%EB%9E%91&sop=and&page=7&campus_kind=
패밀리 레스토랑 원투원 주방직원 및 아르바이트 모,원투원,장유신도시,https://www.jangyu.net/board/bbs/board.php?bo_table=inc_guin&wr_id=787889&sca=&sfl=wr_subject&stx=%EB%A0%88%EC%8A%A4%ED%86%A0%EB%9E%91&sop=and&page=7&campus_kind=
장유 율하 중식레스토랑 차이나리퍼블릭에서 주방보,차이나리퍼블릭,장유신도시,https://www.jangyu.net/board/bbs/board.php?bo_table=inc_guin&wr_id=787391&sca=&sfl=wr_subject&stx=%EB%A0%88%EC%8A%A4%ED%86%A0%EB%9E%91&sop=and&page=7&campus_kind=
패밀리 레스토랑 원투원 주방직원 및 아르바이트 모,원투원,장유신도시,https://www.jangyu.net/board/bbs/board.php?bo_table=inc_guin&wr_id=786655&sca=&sfl=wr_subject&stx=%EB%A0%88%EC%8A%A4%ED%86%A0%EB%9E%91&sop=and&page=7&campus_kind=
"김해율하 중식 레스토랑 홀서빙 정직원, 주말알바 모",차이나리퍼블릭,장유신도시,https://www.jangyu.net/board/bbs/board.php?bo_table=inc_guin&wr_id=786518&sca=&sfl=wr_subject&stx=%EB%A0%88%EC%8A%A4%ED%86%A0%EB%9E%91&sop=and&page=7&campus_kind=
패밀리 레스토랑 원투원 주방직원 및 아르바이트 모,원투원,장유신도시,https://www.jangyu.net/board/bbs/board.php?bo_table=inc_guin&wr_id=786294&sca=&sfl=wr_subject&stx=%EB%A0%88%EC%8A%A4%ED%86%A0%EB%9E%91&sop=and&page=7&campus_kind=
패밀리 레스토랑 원투원 주방직원 및 아르바이트 모,원투원,장유신도시,https://www.jangyu.net/board/bbs/board.php?bo_table=inc_guin&wr_id=786063&sca=&sfl=wr_subject&stx=%EB%A0%88%EC%8A%A4%ED%86%A0%EB%9E%91&sop=and&page=7&campus_kind=
패밀리 레스토랑 원투원 주방직원 및 아르바이트 모,원투원,장유신도시,https://www.jangyu.net/board/bbs/board.php?bo_table=inc_guin&wr_id=785797&sca=&sfl=wr_subject&stx=%EB%A0%88%EC%8A%A4%ED%86%A0%EB%9E%91&sop=and&page=7&campus_kind=
카사벨라 레스토랑 정직원 구합니다,카사벨라레스토랑,장유신도시,https://www.jangyu.net/board/bbs/board.php?bo_table=inc_guin&wr_id=785695&sca=&sfl=wr_subject&stx=%EB%A0%88%EC%8A%A4%ED%86%A0%EB%9E%91&sop=and&page=7&campus_kind=
패밀리 레스토랑 원투원 주방직원 및 아르바이트 모,원투원,장유신도시,https://www.jangyu.net/board/bbs/board.php?bo_table=inc_guin&wr_id=785659&sca=&sfl=wr_subject&stx=%EB%A0%88%EC%8A%A4%ED%86%A0%EB%9E%91&sop=and&page=7&campus_kind=
카사벨라 레스토랑 평일 오픈알바 구합니다,카사벨라레스토랑,장유신도시,https://www.jangyu.net/board/bbs/board.php?bo_table=inc_guin&wr_id=785655&sca=&sfl=wr_subject&stx=%EB%A0%88%EC%8A%A4%ED%86%A0%EB%9E%91&sop=and&page=7&campus_kind=
카사벨라 레스토랑 평일 마감알바 구합니다,카사벨라레스토랑,장유신도시,https://www.jangyu.net/board/bbs/board.php?bo_table=inc_guin&wr_id=785652&sca=&sfl=wr_subject&stx=%EB%A0%88%EC%8A%A4%ED%86%A0%EB%9E%91&sop=and&page=7&campus_kind=
패밀리 레스토랑 원투원 주방직원 및 아르바이트 모,원투원,장유신도시,https://www.jangyu.net/board/bbs/board.php?bo_table=inc_guin&wr_id=785428&sca=&sfl=wr_subject&stx=%EB%A0%88%EC%8A%A4%ED%86%A0%EB%9E%91&sop=and&page=7&campus_kind=
패밀리 레스토랑 원투원 주방직원 및 아르바이트 모,원투원,장유신도시,https://www.jangyu.net/board/bbs/board.php?bo_table=inc_guin&wr_id=785291&sca=&sfl=wr_subject&stx=%EB%A0%88%EC%8A%A4%ED%86%A0%EB%9E%91&sop=and&page=8&campus_kind=
패밀리 레스토랑 원투원 주방직원 및 아르바이트 모,원투원,장유신도시,https://www.jangyu.net/board/bbs/board.php?bo_table=inc_guin&wr_id=785146&sca=&sfl=wr_subject&stx=%EB%A0%88%EC%8A%A4%ED%86%A0%EB%9E%91&sop=and&page=8&campus_kind=
카사벨라 레스토랑 평일 마감알바 구합니다,카사벨라레스토랑,장유신도시,https://www.jangyu.net/board/bbs/board.php?bo_table=inc_guin&wr_id=784989&sca=&sfl=wr_subject&stx=%EB%A0%88%EC%8A%A4%ED%86%A0%EB%9E%91&sop=and&page=8&campus_kind=
패밀리 레스토랑 원투원 주방직원 및 아르바이트 모,원투원,장유신도시,https://www.jangyu.net/board/bbs/board.php?bo_table=inc_guin&wr_id=784988&sca=&sfl=wr_subject&stx=%EB%A0%88%EC%8A%A4%ED%86%A0%EB%9E%91&sop=and&page=8&campus_kind=
패밀리 레스토랑 원투원 주방직원 및 아르바이트 모,원투원,장유신도시,https://www.jangyu.net/board/bbs/board.php?bo_table=inc_guin&wr_id=784812&sca=&sfl=wr_subject&stx=%EB%A0%88%EC%8A%A4%ED%86%A0%EB%9E%91&sop=and&page=8&campus_kind=
패밀리 레스토랑 원투원 주방직원 및 아르바이트 모,원투원,장유신도시,https://www.jangyu.net/board/bbs/board.php?bo_table=inc_guin&wr_id=784606&sca=&sfl=wr_subject&stx=%EB%A0%88%EC%8A%A4%ED%86%A0%EB%9E%91&sop=and&page=8&campus_kind=
패밀리 레스토랑 원투원 주방직원 및 아르바이트 모,원투원,장유신도시,https://www.jangyu.net/board/bbs/board.php?bo_table=inc_guin&wr_id=784367&sca=&sfl=wr_subject&stx=%EB%A0%88%EC%8A%A4%ED%86%A0%EB%9E%91&sop=and&page=8&campus_kind=
패밀리 레스토랑 원투원 주방직원 및 아르바이트 모,원투원,장유신도시,https://www.jangyu.net/board/bbs/board.php?bo_table=inc_guin&wr_id=784164&sca=&sfl=wr_subject&stx=%EB%A0%88%EC%8A%A4%ED%86%A0%EB%9E%91&sop=and&page=8&campus_kind=
카사벨라 레스토랑 평일 마감알바 구합니다,카사벨라레스토랑,장유신도시,https://www.jangyu.net/board/bbs/board.php?bo_table=inc_guin&wr_id=784091&sca=&sfl=wr_subject&stx=%EB%A0%88%EC%8A%A4%ED%86%A0%EB%9E%91&sop=and&page=8&campus_kind=
카사벨라 레스토랑 정직원  구합니다,카사벨라레스토랑,장유신도시,https://www.jangyu.net/board/bbs/board.php?bo_table=inc_guin&wr_id=784089&sca=&sfl=wr_subject&stx=%EB%A0%88%EC%8A%A4%ED%86%A0%EB%9E%91&sop=and&page=8&campus_kind=
패밀리 레스토랑 원투원 주방직원 및 아르바이트 모,원투원,장유신도시,https://www.jangyu.net/board/bbs/board.php?bo_table=inc_guin&wr_id=783974&sca=&sfl=wr_subject&stx=%EB%A0%88%EC%8A%A4%ED%86%A0%EB%9E%91&sop=and&page=8&campus_kind=
패밀리 레스토랑 원투원 주방직원 및 아르바이트 모,원투원,장유신도시,https://www.jangyu.net/board/bbs/board.php?bo_table=inc_guin&wr_id=783827&sca=&sfl=wr_subject&stx=%EB%A0%88%EC%8A%A4%ED%86%A0%EB%9E%91&sop=and&page=8&campus_kind=
패밀리 레스토랑 원투원 주방직원 및 아르바이트 모,원투원,장유신도시,https://www.jangyu.net/board/bbs/board.php?bo_table=inc_guin&wr_id=783590&sca=&sfl=wr_subject&stx=%EB%A0%88%EC%8A%A4%ED%86%A0%EB%9E%91&sop=and&page=8&campus_kind=
패밀리 레스토랑 원투원 주방직원 및 아르바이트 모,원투원,장유신도시,https://www.jangyu.net/board/bbs/board.php?bo_table=inc_guin&wr_id=783419&sca=&sfl=wr_subject&stx=%EB%A0%88%EC%8A%A4%ED%86%A0%EB%9E%91&sop=and&page=8&campus_kind=
카사벨라 레스토랑 정직원 구합니다,카사벨라레스토랑,장유신도시,https://www.jangyu.net/board/bbs/board.php?bo_table=inc_guin&wr_id=783265&sca=&sfl=wr_subject&stx=%EB%A0%88%EC%8A%A4%ED%86%A0%EB%9E%91&sop=and&page=8&campus_kind=
카사벨라 레스토랑 평일 마감 알바 구합니다,카사벨라레스토랑,장유신도시,https://www.jangyu.net/board/bbs/board.php?bo_table=inc_guin&wr_id=783264&sca=&sfl=wr_subject&stx=%EB%A0%88%EC%8A%A4%ED%86%A0%EB%9E%91&sop=and&page=8&campus_kind=
패밀리 레스토랑 원투원 주방직원 및 아르바이트 모,원투원,장유신도시,https://www.jangyu.net/board/bbs/board.php?bo_table=inc_guin&wr_id=783170&sca=&sfl=wr_subject&stx=%EB%A0%88%EC%8A%A4%ED%86%A0%EB%9E%91&sop=and&page=8&campus_kind=
카사벨라 레스토랑 평일 오픈알바 구합니다,카사벨라레스토랑,장유신도시,https://www.jangyu.net/board/bbs/board.php?bo_table=inc_guin&wr_id=783107&sca=&sfl=wr_subject&stx=%EB%A0%88%EC%8A%A4%ED%86%A0%EB%9E%91&sop=and&page=8&campus_kind=
카사벨라 레스토랑 정직원  구합니다,카사벨라레스토랑,장유신도시,https://www.jangyu.net/board/bbs/board.php?bo_table=inc_guin&wr_id=783106&sca=&sfl=wr_subject&stx=%EB%A0%88%EC%8A%A4%ED%86%A0%EB%9E%91&sop=and&page=8&campus_kind=
패밀리 레스토랑 원투원 주방직원 및 아르바이트 모,원투원,장유신도시,https://www.jangyu.net/board/bbs/board.php?bo_table=inc_guin&wr_id=783034&sca=&sfl=wr_subject&stx=%EB%A0%88%EC%8A%A4%ED%86%A0%EB%9E%91&sop=and&page=8&campus_kind=
패밀리 레스토랑 원투원 주방직원 및 아르바이트 모,원투원,장유신도시,https://www.jangyu.net/board/bbs/board.php?bo_table=inc_guin&wr_id=782859&sca=&sfl=wr_subject&stx=%EB%A0%88%EC%8A%A4%ED%86%A0%EB%9E%91&sop=and&page=8&campus_kind=
카사벨라 레스토랑 정직원  구합니다,카사벨라레스토랑,장유신도시,https://www.jangyu.net/board/bbs/board.php?bo_table=inc_guin&wr_id=782751&sca=&sfl=wr_subject&stx=%EB%A0%88%EC%8A%A4%ED%86%A0%EB%9E%91&sop=and&page=8&campus_kind=
패밀리 레스토랑 원투원 주방직원 및 아르바이트 모,원투원,장유신도시,https://www.jangyu.net/board/bbs/board.php?bo_table=inc_guin&wr_id=782527&sca=&sfl=wr_subject&stx=%EB%A0%88%EC%8A%A4%ED%86%A0%EB%9E%91&sop=and&page=8&campus_kind=
패밀리 레스토랑 원투원 주방직원 및 아르바이트 모,원투원,장유신도시,https://www.jangyu.net/board/bbs/board.php?bo_table=inc_guin&wr_id=782334&sca=&sfl=wr_subject&stx=%EB%A0%88%EC%8A%A4%ED%86%A0%EB%9E%91&sop=and&page=8&campus_kind=
카사벨라 레스토랑 주말 오픈 구합니다,카사벨라레스토랑,장유신도시,https://www.jangyu.net/board/bbs/board.php?bo_table=inc_guin&wr_id=782225&sca=&sfl=wr_subject&stx=%EB%A0%88%EC%8A%A4%ED%86%A0%EB%9E%91&sop=and&page=8&campus_kind=
패밀리 레스토랑 원투원 주방직원 및 아르바이트 모,원투원,장유신도시,https://www.jangyu.net/board/bbs/board.php?bo_table=inc_guin&wr_id=782108&sca=&sfl=wr_subject&stx=%EB%A0%88%EC%8A%A4%ED%86%A0%EB%9E%91&sop=and&page=8&campus_kind=
패밀리 레스토랑 원투원 주방직원 및 아르바이트 모,원투원,장유신도시,https://www.jangyu.net/board/bbs/board.php?bo_table=inc_guin&wr_id=781965&sca=&sfl=wr_subject&stx=%EB%A0%88%EC%8A%A4%ED%86%A0%EB%9E%91&sop=and&page=8&campus_kind=
패밀리 레스토랑 원투원 주방직원 및 아르바이트 모,원투원,장유신도시,https://www.jangyu.net/board/bbs/board.php?bo_table=inc_guin&wr_id=781774&sca=&sfl=wr_subject&stx=%EB%A0%88%EC%8A%A4%ED%86%A0%EB%9E%91&sop=and&page=8&campus_kind=
패밀리 레스토랑 원투원 주방직원 및 아르바이트 모,원투원,장유신도시,https://www.jangyu.net/board/bbs/board.php?bo_table=inc_guin&wr_id=781585&sca=&sfl=wr_subject&stx=%EB%A0%88%EC%8A%A4%ED%86%A0%EB%9E%91&sop=and&page=8&campus_kind=
패밀리 레스토랑 원투원 주방직원 및 아르바이트 모,원투원,장유신도시,https://www.jangyu.net/board/bbs/board.php?bo_table=inc_guin&wr_id=781202&sca=&sfl=wr_subject&stx=%EB%A0%88%EC%8A%A4%ED%86%A0%EB%9E%91&sop=and&page=8&campus_kind=
패밀리 레스토랑 원투원 주방직원 및 아르바이트 모,원투원,장유신도시,https://www.jangyu.net/board/bbs/board.php?bo_table=inc_guin&wr_id=780992&sca=&sfl=wr_subject&stx=%EB%A0%88%EC%8A%A4%ED%86%A0%EB%9E%91&sop=and&page=9&campus_kind=
카사벨라 레스토랑 주말 마감 구합니다,카사벨라레스토랑,장유신도시,https://www.jangyu.net/board/bbs/board.php?bo_table=inc_guin&wr_id=780856&sca=&sfl=wr_subject&stx=%EB%A0%88%EC%8A%A4%ED%86%A0%EB%9E%91&sop=and&page=9&campus_kind=
카사벨라 레스토랑 정직원  구합니다,카사벨라레스토랑,장유신도시,https://www.jangyu.net/board/bbs/board.php?bo_table=inc_guin&wr_id=780855&sca=&sfl=wr_subject&stx=%EB%A0%88%EC%8A%A4%ED%86%A0%EB%9E%91&sop=and&page=9&campus_kind=
카사벨라 레스토랑 정직원  구합니다,카사벨라레스토랑,장유신도시,https://www.jangyu.net/board/bbs/board.php?bo_table=inc_guin&wr_id=780589&sca=&sfl=wr_subject&stx=%EB%A0%88%EC%8A%A4%ED%86%A0%EB%9E%91&sop=and&page=9&campus_kind=
카사벨라 레스토랑 주말 마감 구합니다,카사벨라레스토랑,장유신도시,https://www.jangyu.net/board/bbs/board.php?bo_table=inc_guin&wr_id=780588&sca=&sfl=wr_subject&stx=%EB%A0%88%EC%8A%A4%ED%86%A0%EB%9E%91&sop=and&page=9&campus_kind=
패밀리 레스토랑 원투원 주방직원 및 아르바이트 모,원투원,장유신도시,https://www.jangyu.net/board/bbs/board.php?bo_table=inc_guin&wr_id=780359&sca=&sfl=wr_subject&stx=%EB%A0%88%EC%8A%A4%ED%86%A0%EB%9E%91&sop=and&page=9&campus_kind=
패밀리 레스토랑 원투원 주방직원 및 아르바이트 모,원투원,장유신도시,https://www.jangyu.net/board/bbs/board.php?bo_table=inc_guin&wr_id=780242&sca=&sfl=wr_subject&stx=%EB%A0%88%EC%8A%A4%ED%86%A0%EB%9E%91&sop=and&page=9&campus_kind=
패밀리 레스토랑 원투원 주방직원 및 아르바이트 모,원투원,장유신도시,https://www.jangyu.net/board/bbs/board.php?bo_table=inc_guin&wr_id=779927&sca=&sfl=wr_subject&stx=%EB%A0%88%EC%8A%A4%ED%86%A0%EB%9E%91&sop=and&page=9&campus_kind=
레스토랑 세인즈가든에서 주방 직원을 모집합니다.,세인즈가든,장유신도시,https://www.jangyu.net/board/bbs/board.php?bo_table=inc_guin&wr_id=779735&sca=&sfl=wr_subject&stx=%EB%A0%88%EC%8A%A4%ED%86%A0%EB%9E%91&sop=and&page=9&campus_kind=
패밀리 레스토랑 원투원 주방직원 및 아르바이트 모,원투원,장유신도시,https://www.jangyu.net/board/bbs/board.php?bo_table=inc_guin&wr_id=779732&sca=&sfl=wr_subject&stx=%EB%A0%88%EC%8A%A4%ED%86%A0%EB%9E%91&sop=and&page=9&campus_kind=
패밀리 레스토랑 원투원 주방직원 및 아르바이트 모,원투원,장유신도시,https://www.jangyu.net/board/bbs/board.php?bo_table=inc_guin&wr_id=779720&sca=&sfl=wr_subject&stx=%EB%A0%88%EC%8A%A4%ED%86%A0%EB%9E%91&sop=and&page=9&campus_kind=
벨라루스 레스토랑 채용공고,벨라루스,동상동,https://www.jangyu.net/board/bbs/board.php?bo_table=inc_guin&wr_id=779714&sca=&sfl=wr_subject&stx=%EB%A0%88%EC%8A%A4%ED%86%A0%EB%9E%91&sop=and&page=9&campus_kind=
레스토랑 세인즈가든에서 주방 직원을 모집합니다.,세인즈가든,장유신도시,https://www.jangyu.net/board/bbs/board.php?bo_table=inc_guin&wr_id=779542&sca=&sfl=wr_subject&stx=%EB%A0%88%EC%8A%A4%ED%86%A0%EB%9E%91&sop=and&page=9&campus_kind=
패밀리 레스토랑 원투원 주방직원 및 아르바이트 모,원투원,장유신도시,https://www.jangyu.net/board/bbs/board.php?bo_table=inc_guin&wr_id=779535&sca=&sfl=wr_subject&stx=%EB%A0%88%EC%8A%A4%ED%86%A0%EB%9E%91&sop=and&page=9&campus_kind=
패밀리 레스토랑 원투원 주방직원 및 아르바이트 모,원투원,장유신도시,https://www.jangyu.net/board/bbs/board.php?bo_table=inc_guin&wr_id=779370&sca=&sfl=wr_subject&stx=%EB%A0%88%EC%8A%A4%ED%86%A0%EB%9E%91&sop=and&page=9&campus_kind=
패밀리 레스토랑 원투원 주방직원 및 아르바이트 모,원투원,장유신도시,https://www.jangyu.net/board/bbs/board.php?bo_table=inc_guin&wr_id=779274&sca=&sfl=wr_subject&stx=%EB%A0%88%EC%8A%A4%ED%86%A0%EB%9E%91&sop=and&page=9&campus_kind=
패밀리 레스토랑 원투원 주방직원 및 아르바이트 모,원투원,장유신도시,https://www.jangyu.net/board/bbs/board.php?bo_table=inc_guin&wr_id=779179&sca=&sfl=wr_subject&stx=%EB%A0%88%EC%8A%A4%ED%86%A0%EB%9E%91&sop=and&page=9&campus_kind=
패밀리 레스토랑 원투원 주방직원 및 아르바이트 모,원투원,장유신도시,https://www.jangyu.net/board/bbs/board.php?bo_table=inc_guin&wr_id=779026&sca=&sfl=wr_subject&stx=%EB%A0%88%EC%8A%A4%ED%86%A0%EB%9E%91&sop=and&page=9&campus_kind=
패밀리 레스토랑 원투원 주방직원 및 아르바이트 모,원투원,장유신도시,https://www.jangyu.net/board/bbs/board.php?bo_table=inc_guin&wr_id=778838&sca=&sfl=wr_subject&stx=%EB%A0%88%EC%8A%A4%ED%86%A0%EB%9E%91&sop=and&page=9&campus_kind=
패밀리 레스토랑 원투원 주방직원 및 아르바이트 모,원투원,장유신도시,https://www.jangyu.net/board/bbs/board.php?bo_table=inc_guin&wr_id=778612&sca=&sfl=wr_subject&stx=%EB%A0%88%EC%8A%A4%ED%86%A0%EB%9E%91&sop=and&page=9&campus_kind=
패밀리 레스토랑 원투원 주방직원 및 아르바이트 모,원투원,장유신도시,https://www.jangyu.net/board/bbs/board.php?bo_table=inc_guin&wr_id=778443&sca=&sfl=wr_subject&stx=%EB%A0%88%EC%8A%A4%ED%86%A0%EB%9E%91&sop=and&page=9&campus_kind=
패밀리 레스토랑 원투원 주방직원 및 아르바이트 모,원투원,장유신도시,https://www.jangyu.net/board/bbs/board.php?bo_table=inc_guin&wr_id=778231&sca=&sfl=wr_subject&stx=%EB%A0%88%EC%8A%A4%ED%86%A0%EB%9E%91&sop=and&page=9&campus_kind=
패밀리 레스토랑 원투원 주방직원 및 아르바이트 모,원투원,장유신도시,https://www.jangyu.net/board/bbs/board.php?bo_table=inc_guin&wr_id=778109&sca=&sfl=wr_subject&stx=%EB%A0%88%EC%8A%A4%ED%86%A0%EB%9E%91&sop=and&page=9&campus_kind=
패밀리 레스토랑 원투원 주방직원 및 아르바이트 모,원투원,장유신도시,https://www.jangyu.net/board/bbs/board.php?bo_table=inc_guin&wr_id=777998&sca=&sfl=wr_subject&stx=%EB%A0%88%EC%8A%A4%ED%86%A0%EB%9E%91&sop=and&page=9&campus_kind=
패밀리 레스토랑 원투원 주방직원 및 아르바이트 모,원투원,장유신도시,https://www.jangyu.net/board/bbs/board.php?bo_table=inc_guin&wr_id=777870&sca=&sfl=wr_subject&stx=%EB%A0%88%EC%8A%A4%ED%86%A0%EB%9E%91&sop=and&page=9&campus_kind=
패밀리 레스토랑 원투원 주방직원 및 아르바이트 모,원투원,장유신도시,https://www.jangyu.net/board/bbs/board.php?bo_table=inc_guin&wr_id=777648&sca=&sfl=wr_subject&stx=%EB%A0%88%EC%8A%A4%ED%86%A0%EB%9E%91&sop=and&page=9&campus_kind=
패밀리 레스토랑 원투원 주방직원 및 아르바이트 모,원투원,장유신도시,https://www.jangyu.net/board/bbs/board.php?bo_table=inc_guin&wr_id=777431&sca=&sfl=wr_subject&stx=%EB%A0%88%EC%8A%A4%ED%86%A0%EB%9E%91&sop=and&page=9&campus_kind=
패밀리 레스토랑 원투원 주방직원 및 아르바이트 모,원투원,장유신도시,https://www.jangyu.net/board/bbs/board.php?bo_table=inc_guin&wr_id=777230&sca=&sfl=wr_subject&stx=%EB%A0%88%EC%8A%A4%ED%86%A0%EB%9E%91&sop=and&page=9&campus_kind=
패밀리 레스토랑 원투원 주방직원 및 아르바이트 모,원투원,장유신도시,https://www.jangyu.net/board/bbs/board.php?bo_table=inc_guin&wr_id=777028&sca=&sfl=wr_subject&stx=%EB%A0%88%EC%8A%A4%ED%86%A0%EB%9E%91&sop=and&page=9&campus_kind=
패밀리 레스토랑 원투원 주방직원 및 아르바이트 모,원투원,장유신도시,https://www.jangyu.net/board/bbs/board.php?bo_table=inc_guin&wr_id=776879&sca=&sfl=wr_subject&stx=%EB%A0%88%EC%8A%A4%ED%86%A0%EB%9E%91&sop=and&page=9&campus_kind=
